group,bytes_each,size_each,copies,potential_reclaim_bytes,potential_reclaim,sha256,paths
D0001,15829511,15 MB,5,63318044,60 MB,fdee55f9608cdfde11f47068ade940482b1a3336498e7bf018edfc5a4e39f4d6,assets/hero_shots/blue_fog_001.png | assets/hero_shots/moodboard/maplemoon_atmospheric_cornflower_blue_fog_gen_001_20260331_170834.png | assets/textures/blue_fog_001.png | outputs/round_2/fb7_brand_blue_fog/maplemoon_atmospheric_cornflower_blue_fog_gen_001_20260331_170834.png | outputs/round_2/winners/maplemoon_atmospheric_cornflower_blue_fog_gen_001_20260331_170834.png
D0002,10749688,10 MB,4,32249064,31 MB,811b1295773ef38a940213188ddd47d48fa6b8d78105878d08dd6c94fa0df4a5,_wip/checkpoints/SAT-HOME-01R_20260801_020229_AEST/generated/staging-v1/annotated/assets/licensed/scene_afternoon.jpg | _wip/checkpoints/SAT-HOME-01R_20260801_020229_AEST/generated/staging-v1/clean/assets/licensed/scene_afternoon.jpg | docs/client-review/2026-08-01-saturday-review/staging-v1/annotated/assets/licensed/scene_afternoon.jpg | docs/client-review/2026-08-01-saturday-review/staging-v1/clean/assets/licensed/scene_afternoon.jpg
D0003,10231875,9.8 MB,4,30695625,29 MB,2d47a76a89f4de4564b96140592371962094575b89bbdf2b1fae44a9fadf3b24,_wip/checkpoints/SAT-HOME-01R_20260801_020229_AEST/generated/staging-v1/annotated/assets/licensed/carob_pods_macro.jpg | _wip/checkpoints/SAT-HOME-01R_20260801_020229_AEST/generated/staging-v1/clean/assets/licensed/carob_pods_macro.jpg | docs/client-review/2026-08-01-saturday-review/staging-v1/annotated/assets/licensed/carob_pods_macro.jpg | docs/client-review/2026-08-01-saturday-review/staging-v1/clean/assets/licensed/carob_pods_macro.jpg
D0004,8144173,7.8 MB,4,24432519,23 MB,0d7e70905a3a7ecf220384e41bf9b41cee68a619836cee73e93f169020dabaa4,_wip/checkpoints/SAT-HOME-01R_20260801_020229_AEST/generated/staging-v1/annotated/assets/licensed/scene_after_dinner.jpg | _wip/checkpoints/SAT-HOME-01R_20260801_020229_AEST/generated/staging-v1/clean/assets/licensed/scene_after_dinner.jpg | docs/client-review/2026-08-01-saturday-review/staging-v1/annotated/assets/licensed/scene_after_dinner.jpg | docs/client-review/2026-08-01-saturday-review/staging-v1/clean/assets/licensed/scene_after_dinner.jpg
D0005,5713165,5.4 MB,5,22852660,22 MB,ddcdd2b2064ebe7bd84ca332b81dbf706c861299c7f133790ebe1a9b4d887abe,assets/hero_shots/moodboard/maplemoon_minimalist_botanical_closeup_silhouette_gen_002_20260331_163820.png | assets/hero_shots/silhouette_closeup.png | assets/lifestyle/botanical_closeup_002.png | outputs/round_2/fb1_silhouette_pods/maplemoon_minimalist_botanical_closeup_silhouette_gen_002_20260331_163820.png | outputs/round_2/winners/maplemoon_minimalist_botanical_closeup_silhouette_gen_002_20260331_163820.png
D0006,5615522,5.4 MB,5,22462088,21 MB,4e3a692b6a5fd44a8a1ca694bcd9995822fff759baf804247ef5fbe7b0bb8c44,assets/hero_shots/blue_fog.png | assets/hero_shots/moodboard/maplemoon_atmospheric_cornflower_blue_fog_gen_002_20260331_170838.png | assets/textures/blue_fog_002.png | outputs/round_2/fb7_brand_blue_fog/maplemoon_atmospheric_cornflower_blue_fog_gen_002_20260331_170838.png | outputs/round_2/winners/maplemoon_atmospheric_cornflower_blue_fog_gen_002_20260331_170838.png
D0007,21631252,21 MB,2,21631252,21 MB,fa454dd9264ab003772327febc848b08affd1c8a063a6e546a305656da028efd,_wip/reviews/photoshoot_repair_batch1_20260801/73_manual_v01/73_manual_v01.png | _wip/reviews/photoshoot_repair_batch1_20260801/73_manual_v01/qa/73_manual_v01-full-frame.png
D0008,19691245,19 MB,2,19691245,19 MB,e745077bcd8db38f83da00433a6880519e8f8d8f36fb745bbb6e6a2b7242334c,assets/hero_videos/gen/finalists/finalist_wetsand2.mp4 | assets/hero_videos/gen/finalists/video_moonlit_beach_very_slow_10s_std_20260724_190738.mp4
D0009,6247012,6.0 MB,4,18741036,18 MB,90f5c7b4452551a159418e05362d9c73064130205bb615b71b0bc6eaab44c52d,assets/hero_shots/moodboard/maplemoon_three_luxury_gift_boxes_gen_002_20260331_164107.png | assets/lifestyle/gift_boxes_002.png | outputs/round_2/fb3_gift_boxes_logo/maplemoon_three_luxury_gift_boxes_gen_002_20260331_164107.png | outputs/round_2/winners/maplemoon_three_luxury_gift_boxes_gen_002_20260331_164107.png
D0010,18216952,17 MB,2,18216952,17 MB,1c08f9db02f96aba2a948ca31231b3ae7a48ef697d125f0073e32fedb350e151,assets/hero_videos/gen/finalists/finalist_gentle.mp4 | assets/hero_videos/gen/finalists/video_moonlit_ocean_at_blue_10s_std_20260724_190740.mp4
D0011,17794358,17 MB,2,17794358,17 MB,4e574171d969fa5d3660cf8d4587b2752445d195e035005299e4f71057358c2b,assets/hero_videos/gen/finalists/finalist_serene.mp4 | assets/hero_videos/gen/finalists/video_serene_moonlit_ocean_very_10s_std_20260724_190749.mp4
D0012,5630824,5.4 MB,4,16892472,16 MB,8b83bb8f7ce2a5232fb6af7f05290211a13d9172b3c20a1f395b8ea929564be1,assets/hero_shots/moodboard/maplemoon_three_luxury_gift_boxes_gen_001_20260331_164103.png | assets/lifestyle/gift_boxes_001.png | outputs/round_2/fb3_gift_boxes_logo/maplemoon_three_luxury_gift_boxes_gen_001_20260331_164103.png | outputs/round_2/winners/maplemoon_three_luxury_gift_boxes_gen_001_20260331_164103.png
D0013,5538737,5.3 MB,4,16616211,16 MB,3fc709b6dabb029e6edd4a1c958160ecbbd193df7f55492921d0dc55fb21193c,assets/hero_shots/moodboard/maplemoon_minimalist_botanical_closeup_silhouette_gen_001_20260331_163816.png | assets/lifestyle/botanical_closeup_001.png | outputs/round_2/fb1_silhouette_pods/maplemoon_minimalist_botanical_closeup_silhouette_gen_001_20260331_163816.png | outputs/round_2/winners/maplemoon_minimalist_botanical_closeup_silhouette_gen_001_20260331_163816.png
D0014,16523140,16 MB,2,16523140,16 MB,40c88e0f79f549f6578882dc336344ea36827f4d14240fbbd6a96d35758dfc56,assets/hero_videos/gen/finalists/finalist_moody.mp4 | assets/hero_videos/gen/finalists/video_moonlit_ocean_very_slow_10s_std_20260724_190759.mp4
D0015,7938949,7.6 MB,3,15877898,15 MB,6518121fb9611d9627dfbb114358242b181dee319a88b728b21a6d292c095d3f,assets/product_shots/bananas/MM_MUL_Web-Mockups_BANN_80G_02-FEB-2026@2x.png | assets/product_shots/bananas.png | assets/product_shots/moons/MM_MUL_Web-Mockups_BANN_80G_02-FEB-2026@2x.png
D0016,15753766,15 MB,2,15753766,15 MB,fbdc7dfdddeb07b4fecb4e3eebecb6102024dd91ccb921d650bf378990809e8a,assets/hero_videos/gen/finalists/finalist_wide.mp4 | assets/hero_videos/gen/finalists/video_wide_calm_moonlit_sea_10s_std_20260724_190801.mp4
D0017,4557846,4.3 MB,4,13673538,13 MB,cb2229f1b833a378aecc5b41786e0112371158138f66e16eb140620233bf9b1e,assets/hero_shots/byron_bay_silhouette.png | assets/hero_shots/moodboard/maplemoon_minimalist_silhouette_photograph_byron_gen_001_20260331_190545.png | outputs/round_2/winners/maplemoon_minimalist_silhouette_photograph_byron_gen_001_20260331_190545.png | outputs/round_3/r3_byron_bay_recolor/maplemoon_minimalist_silhouette_photograph_byron_gen_001_20260331_190545.png
D0018,4100878,3.9 MB,4,12302634,12 MB,26e665cbde1f0352a74a5357ed20f7ae8832c91ff89c4dcf47e5d368872a4ea2,_wip/checkpoints/SAT-HOME-01R_20260801_020229_AEST/generated/staging-v1/annotated/assets/licensed/scene_tea_night.jpg | _wip/checkpoints/SAT-HOME-01R_20260801_020229_AEST/generated/staging-v1/clean/assets/licensed/scene_tea_night.jpg | docs/client-review/2026-08-01-saturday-review/staging-v1/annotated/assets/licensed/scene_tea_night.jpg | docs/client-review/2026-08-01-saturday-review/staging-v1/clean/assets/licensed/scene_tea_night.jpg
D0019,5645865,5.4 MB,3,11291730,11 MB,3f1bf53c05a0bddf3c767a0365bee0ed2bff883b7b5a947d70f8489f2f5da7ec,assets/hero/silhouette_001.png | assets/hero_shots/moodboard/maplemoon_minimalist_food_silhouette_photograph_gen_001_20260331_160157.png | outputs/round_2/winners/maplemoon_minimalist_food_silhouette_photograph_gen_001_20260331_160157.png
D0020,5630077,5.4 MB,3,11260154,11 MB,ea0df72e33de53a8b1bb0ffd50ed7e48e8c608feaca72e1885fca2ee72727f9d,assets/hero/silhouette_002.png | assets/hero_shots/moodboard/maplemoon_minimalist_food_silhouette_photograph_gen_002_20260331_160200.png | outputs/round_2/winners/maplemoon_minimalist_food_silhouette_photograph_gen_002_20260331_160200.png
D0021,5420977,5.2 MB,3,10841954,10 MB,8f15f21ce20a71752c1d8b072cadd2d5c965546255d43c9dc2acdaa45c3adffe,assets/hero_shots/moodboard/maplemoon_minimalist_botanical_silhouette_photograph_gen_002_20260331_190407.png | outputs/round_2/winners/maplemoon_minimalist_botanical_silhouette_photograph_gen_002_20260331_190407.png | outputs/round_3/r3_silhouette_wide_clean/maplemoon_minimalist_botanical_silhouette_photograph_gen_002_20260331_190407.png
D0022,4817599,4.6 MB,3,9635198,9.2 MB,84ad174926e351828f444422c190762c887ea791cf02eb77773c66f8d010ed08,assets/hero_shots/moodboard/maplemoon_three_luxury_gift_boxes_gen_001_20260331_190452.png | outputs/round_2/winners/maplemoon_three_luxury_gift_boxes_gen_001_20260331_190452.png | outputs/round_3/r3_gift_boxes_beige/maplemoon_three_luxury_gift_boxes_gen_001_20260331_190452.png
D0023,4682428,4.5 MB,3,9364856,8.9 MB,ab46656f776ec97c794a25f8fc692ba646e426fca85916aea05a6f2c9cb9fbb5,review/breakpoints/hero_v3_desktop.png | review/breakpoints/hero_v3_mobile.png | review/breakpoints/hero_v3_tablet.png
D0024,9210249,8.8 MB,2,9210249,8.8 MB,45df156be6c2e31776719685c686f0680f23807f1798d714646734b56bb4b781,assets/product_shots/moon_cayenne.png | assets/product_shots/moons/MM_MOONS_Web-Mockups_CHIL_35G_02-FEB-2026@2x.png
D0025,4382403,4.2 MB,3,8764806,8.4 MB,028b72c23a8b03e071cf46d94cf1be33945eecf97bf3f81a6418c7beed748ee0,assets/hero_shots/moodboard/maplemoon_minimalist_silhouette_photograph_byron_gen_002_20260331_190550.png | outputs/round_2/winners/maplemoon_minimalist_silhouette_photograph_byron_gen_002_20260331_190550.png | outputs/round_3/r3_byron_bay_recolor/maplemoon_minimalist_silhouette_photograph_byron_gen_002_20260331_190550.png
D0026,8650112,8.2 MB,2,8650112,8.2 MB,e6d710dd3291453216f93a2e7300593014d51e420532e4899be0d56e1d7dfac6,assets/product_shots/moon_peppermint.png | assets/product_shots/moons/MM_MOONS_Web-Mockups_PMIN_35G_02-FEB-2026@2x.png
D0027,8628946,8.2 MB,2,8628946,8.2 MB,2a4ddba199b477d45054998566079c51ff3581328320713d47cbf9aede7e4d3a,assets/product_shots/moon_pure_carob.png | assets/product_shots/moons/MM_MOONS_Web-Mockups_PCAR_35G_02-FEB-2026@2x.png
D0028,8459999,8.1 MB,2,8459999,8.1 MB,d1b40ab9c4f59334c59aad5da0a28816c79194a881faefc4cbfb5ddff4f73b1c,assets/product_shots/moon_hazelnut.png | assets/product_shots/moons/MM_MOONS_Web-Mockups_HNUT_35G_02-FEB-2026@2x.png
D0029,8431125,8.0 MB,2,8431125,8.0 MB,339d41044f84adb9ed2b2fdf1afc50aeec4aff623131c0f178a23e850166e6a0,assets/product_shots/moon_goji_coconut.png | assets/product_shots/moons/MM_MOONS_Web-Mockups_GCOC_35G_02-FEB-2026@2x.png
D0030,8239026,7.9 MB,2,8239026,7.9 MB,65326b4ce037487c8ae75abc671bd2a8692a30a1d0141cb26725de6a096fff16,assets/product_shots/moon_almond.png | assets/product_shots/moons/MM_MOONS_Web-Mockups_ASAL_35G_02-FEB-2026@2x.png
D0031,831697,812 KB,10,7485273,7.1 MB,918fa46feaba6306d5a6e64e1aadc9a9e4d0270c81d12ad00a9dd3f8dbdff664,_wip/checkpoints/SAT-HOME-01R_20260801_020229_AEST/generated/staging-v1/annotated/assets/products_new/bar_hazelnut.png | _wip/checkpoints/SAT-HOME-01R_20260801_020229_AEST/generated/staging-v1/clean/assets/products_new/bar_hazelnut.png | _wip/deploy/site/.vercel/output/static/assets/products_new/bar_hazelnut.png | _wip/deploy/site/assets/products_new/bar_hazelnut.png | _wip/deploy/site-full/.vercel/output/static/assets/products_new/bar_hazelnut.png | _wip/deploy/site-full/assets/products_new/bar_hazelnut.png | assets/products_new/bar_hazelnut.png | docs/client-review/2026-07-29-carli-review/staging-v1/assets/products_new/bar_hazelnut.png | docs/client-review/2026-08-01-saturday-review/staging-v1/annotated/assets/products_new/bar_hazelnut.png | docs/client-review/2026-08-01-saturday-review/staging-v1/clean/assets/products_new/bar_hazelnut.png
D0032,7210230,6.9 MB,2,7210230,6.9 MB,8d00340ee2500f46a475078c598e619e4fb2f9ec346fed3f1bea510c693fb217,.superpowers/brainstorm/33659-1785136292/content/founders-73.png | .superpowers/brainstorm/33659-1785136292/content/founders-73.webp
D0033,792129,774 KB,10,7129161,6.8 MB,c052cf0d1a657f6c88ec8266ca2d99a4ddb78bfa3f14fa722dbb1a1bd94bda17,_wip/checkpoints/SAT-HOME-01R_20260801_020229_AEST/generated/staging-v1/annotated/assets/products_new/bar_goji_coconut.png | _wip/checkpoints/SAT-HOME-01R_20260801_020229_AEST/generated/staging-v1/clean/assets/products_new/bar_goji_coconut.png | _wip/deploy/site/.vercel/output/static/assets/products_new/bar_goji_coconut.png | _wip/deploy/site/assets/products_new/bar_goji_coconut.png | _wip/deploy/site-full/.vercel/output/static/assets/products_new/bar_goji_coconut.png | _wip/deploy/site-full/assets/products_new/bar_goji_coconut.png | assets/products_new/bar_goji_coconut.png | docs/client-review/2026-07-29-carli-review/staging-v1/assets/products_new/bar_goji_coconut.png | docs/client-review/2026-08-01-saturday-review/staging-v1/annotated/assets/products_new/bar_goji_coconut.png | docs/client-review/2026-08-01-saturday-review/staging-v1/clean/assets/products_new/bar_goji_coconut.png
D0034,6816866,6.5 MB,2,6816866,6.5 MB,6e1a3c198ad34392fe4f745382348b06c4ad0f0458bb7d1f240679db8e7bb809,_wip/checkpoints/PHOTO-24-SAVE-RECOVERY-20260801_20260801_102635_AEST/files/Downloads/wetransfer_website-hero-raws_2026-06-03_1315/Heros-24.jpg | _wip/reviews/photoshoot_repair_batch1_20260801/24_manual_v01/24_manual_v01_recovered_from_source.jpg
D0035,3317098,3.2 MB,3,6634196,6.3 MB,ab31c776f22c46102dc38142d3a64799d304992f8c8d742c3315ec07aaabc978,assets/hero/moon_pcar_hero_c.png | assets/hero_shots/moodboard/maplemoon_imagetoimage_mmmoonswebmockupspcar35g02feb20262xpng_gen_20260331_171420.png | outputs/round_2/winners/maplemoon_imagetoimage_mmmoonswebmockupspcar35g02feb20262xpng_gen_20260331_171420.png
D0036,1317623,1.3 MB,6,6588115,6.3 MB,a83dfa08a102cb0269532153266525d3b89e3324ae1ab52173885789dbb534a1,assets/hero/moon_pcar_hero_a.png | assets/hero/moons_reuse.png | assets/hero_shots/moodboard/maplemoon_imagetoimage_mmmoonswebmockupspcar35g02feb20262xpng_gen_20260331_162331.png | assets/hero_shots/moodboard/reuse_moons_162331.png | outputs/round_2/winners/maplemoon_imagetoimage_mmmoonswebmockupspcar35g02feb20262xpng_gen_20260331_162331.png | outputs/round_2/winners/reuse_moons_162331.png
D0037,715330,699 KB,10,6437970,6.1 MB,b6e64b00acd3e502e19c7b7ee1aa16e9669d1d9e9c19bbbe1dac0917c4967cff,_wip/checkpoints/SAT-HOME-01R_20260801_020229_AEST/generated/staging-v1/annotated/assets/products_new/bar_pure_carob.png | _wip/checkpoints/SAT-HOME-01R_20260801_020229_AEST/generated/staging-v1/clean/assets/products_new/bar_pure_carob.png | _wip/deploy/site/.vercel/output/static/assets/products_new/bar_pure_carob.png | _wip/deploy/site/assets/products_new/bar_pure_carob.png | _wip/deploy/site-full/.vercel/output/static/assets/products_new/bar_pure_carob.png | _wip/deploy/site-full/assets/products_new/bar_pure_carob.png | assets/products_new/bar_pure_carob.png | docs/client-review/2026-07-29-carli-review/staging-v1/assets/products_new/bar_pure_carob.png | docs/client-review/2026-08-01-saturday-review/staging-v1/annotated/assets/products_new/bar_pure_carob.png | docs/client-review/2026-08-01-saturday-review/staging-v1/clean/assets/products_new/bar_pure_carob.png
D0038,714910,698 KB,10,6434190,6.1 MB,98198122d6a4131dc02f3b8f8b902807d24c9815144a42e12ed76a996f07fb8f,_wip/checkpoints/SAT-HOME-01R_20260801_020229_AEST/generated/staging-v1/annotated/assets/products_new/bar_cayenne.png | _wip/checkpoints/SAT-HOME-01R_20260801_020229_AEST/generated/staging-v1/clean/assets/products_new/bar_cayenne.png | _wip/deploy/site/.vercel/output/static/assets/products_new/bar_cayenne.png | _wip/deploy/site/assets/products_new/bar_cayenne.png | _wip/deploy/site-full/.vercel/output/static/assets/products_new/bar_cayenne.png | _wip/deploy/site-full/assets/products_new/bar_cayenne.png | assets/products_new/bar_cayenne.png | docs/client-review/2026-07-29-carli-review/staging-v1/assets/products_new/bar_cayenne.png | docs/client-review/2026-08-01-saturday-review/staging-v1/annotated/assets/products_new/bar_cayenne.png | docs/client-review/2026-08-01-saturday-review/staging-v1/clean/assets/products_new/bar_cayenne.png
D0039,711200,695 KB,10,6400800,6.1 MB,35f7c3b6dc5f114b8c841a4a6d0980976f4eac2b8aea569960fd585cf8334f78,_wip/checkpoints/SAT-HOME-01R_20260801_020229_AEST/generated/staging-v1/annotated/assets/hero_videos/gen/finalists/graded_blue/finalist_wetsand2.mp4 | _wip/checkpoints/SAT-HOME-01R_20260801_020229_AEST/generated/staging-v1/clean/assets/hero_videos/gen/finalists/graded_blue/finalist_wetsand2.mp4 | _wip/deploy/site/.vercel/output/static/assets/hero_videos/gen/finalists/graded_blue/finalist_wetsand2.mp4 | _wip/deploy/site/assets/hero_videos/gen/finalists/graded_blue/finalist_wetsand2.mp4 | _wip/deploy/site-full/.vercel/output/static/assets/hero_videos/gen/finalists/graded_blue/finalist_wetsand2.mp4 | _wip/deploy/site-full/assets/hero_videos/gen/finalists/graded_blue/finalist_wetsand2.mp4 | assets/hero_videos/gen/finalists/graded_blue/finalist_wetsand2.mp4 | docs/client-review/2026-07-29-carli-review/staging-v1/assets/hero_videos/gen/finalists/graded_blue/finalist_wetsand2.mp4 | docs/client-review/2026-08-01-saturday-review/staging-v1/annotated/assets/hero_videos/gen/finalists/graded_blue/finalist_wetsand2.mp4 | docs/client-review/2026-08-01-saturday-review/staging-v1/clean/assets/hero_videos/gen/finalists/graded_blue/finalist_wetsand2.mp4
D0040,3092170,2.9 MB,3,6184340,5.9 MB,026915412c14e7d34e1303d5d16e11c1342f5b029c255140d6a41d0262ae3b89,assets/hero/eclipse_coconut_hero.png | assets/hero_shots/moodboard/maplemoon_imagetoimage_eclipsebitecoconutpng_gen_20260331_162616.png | outputs/round_2/winners/maplemoon_imagetoimage_eclipsebitecoconutpng_gen_20260331_162616.png
D0041,624532,610 KB,10,5620788,5.4 MB,f276faafd7267244ce9a3c9e33d1fb0a79995d9144e64996a096e1603feea412,_wip/checkpoints/SAT-HOME-01R_20260801_020229_AEST/generated/staging-v1/annotated/assets/products_new/bar_almond.png | _wip/checkpoints/SAT-HOME-01R_20260801_020229_AEST/generated/staging-v1/clean/assets/products_new/bar_almond.png | _wip/deploy/site/.vercel/output/static/assets/products_new/bar_almond.png | _wip/deploy/site/assets/products_new/bar_almond.png | _wip/deploy/site-full/.vercel/output/static/assets/products_new/bar_almond.png | _wip/deploy/site-full/assets/products_new/bar_almond.png | assets/products_new/bar_almond.png | docs/client-review/2026-07-29-carli-review/staging-v1/assets/products_new/bar_almond.png | docs/client-review/2026-08-01-saturday-review/staging-v1/annotated/assets/products_new/bar_almond.png | docs/client-review/2026-08-01-saturday-review/staging-v1/clean/assets/products_new/bar_almond.png
D0042,586829,573 KB,10,5281461,5.0 MB,a28f054e3717bca52dd835814630b1db045f17d6461dd289d3753ea49cd4073b,_wip/checkpoints/SAT-HOME-01R_20260801_020229_AEST/generated/staging-v1/annotated/assets/products_new/bar_peppermint.png | _wip/checkpoints/SAT-HOME-01R_20260801_020229_AEST/generated/staging-v1/clean/assets/products_new/bar_peppermint.png | _wip/deploy/site/.vercel/output/static/assets/products_new/bar_peppermint.png | _wip/deploy/site/assets/products_new/bar_peppermint.png | _wip/deploy/site-full/.vercel/output/static/assets/products_new/bar_peppermint.png | _wip/deploy/site-full/assets/products_new/bar_peppermint.png | assets/products_new/bar_peppermint.png | docs/client-review/2026-07-29-carli-review/staging-v1/assets/products_new/bar_peppermint.png | docs/client-review/2026-08-01-saturday-review/staging-v1/annotated/assets/products_new/bar_peppermint.png | docs/client-review/2026-08-01-saturday-review/staging-v1/clean/assets/products_new/bar_peppermint.png
D0043,2571507,2.5 MB,3,5143014,4.9 MB,5665b9f755b3a88736608be086121be37bf1f21edc994da4ea1c44971f1bbfc0,assets/hero_shots/moodboard/maplemoon_imagetoimage_mmbarwebmockupsasal90g02feb2026png_gen_20260331_190732.png | outputs/round_2/winners/maplemoon_imagetoimage_mmbarwebmockupsasal90g02feb2026png_gen_20260331_190732.png | outputs/round_3/r3_flavor_bars_i2i/maplemoon_imagetoimage_mmbarwebmockupsasal90g02feb2026png_gen_20260331_190732.png
D0044,2443883,2.3 MB,3,4887766,4.7 MB,ef9d7f62de75a2c1255999b092e171ca6a11ca18e32a8d8c5b7aecfc760bc2b5,assets/hero/moon_pcar_hero_b.png | assets/hero_shots/moodboard/maplemoon_imagetoimage_mmmoonswebmockupspcar35g02feb20262xpng_gen_20260331_163815.png | outputs/round_2/winners/maplemoon_imagetoimage_mmmoonswebmockupspcar35g02feb20262xpng_gen_20260331_163815.png
D0045,2251669,2.1 MB,3,4503338,4.3 MB,b8779ba58bf21ff381870c763deb20f54ea871fa5d5d3379c2cf79d8b26b0340,review/breakpoints/hero_v7_desktop.png | review/breakpoints/hero_v7_mobile.png | review/breakpoints/hero_v7_tablet.png
D0046,2241987,2.1 MB,3,4483974,4.3 MB,59bfdd54a435be7518d689eb321258a2745ba65b35e57263cb18c32fc0777652,assets/hero_shots/moodboard/maplemoon_imagetoimage_mmbarwebmockupshnut90g02feb2026png_gen_20260331_191009.png | outputs/round_2/winners/maplemoon_imagetoimage_mmbarwebmockupshnut90g02feb2026png_gen_20260331_191009.png | outputs/round_3/r3_flavor_bars_i2i/maplemoon_imagetoimage_mmbarwebmockupshnut90g02feb2026png_gen_20260331_191009.png
D0047,446602,436 KB,10,4019418,3.8 MB,d1afebddd399e24dcb14efae93b4fde33b588ce7de6dae07d88a43886b489cf9,_wip/checkpoints/SAT-HOME-01R_20260801_020229_AEST/generated/staging-v1/annotated/assets/product_shots/powder_roasted.webp | _wip/checkpoints/SAT-HOME-01R_20260801_020229_AEST/generated/staging-v1/clean/assets/product_shots/powder_roasted.webp | _wip/deploy/site/.vercel/output/static/assets/product_shots/powder_roasted.webp | _wip/deploy/site/assets/product_shots/powder_roasted.webp | _wip/deploy/site-full/.vercel/output/static/assets/product_shots/powder_roasted.webp | _wip/deploy/site-full/assets/product_shots/powder_roasted.webp | assets/product_shots/powder_roasted.webp | docs/client-review/2026-07-29-carli-review/staging-v1/assets/product_shots/powder_roasted.webp | docs/client-review/2026-08-01-saturday-review/staging-v1/annotated/assets/product_shots/powder_roasted.webp | docs/client-review/2026-08-01-saturday-review/staging-v1/clean/assets/product_shots/powder_roasted.webp
D0048,668582,653 KB,7,4011492,3.8 MB,ed3a5914cc3b0adc8966538e1cee4cc50106f10ac33fce0d44b430df448b63d4,_wip/checkpoints/SAT-HOME-01R_20260801_020229_AEST/generated/staging-v1/annotated/assets/photo_finals/maplemoon_heros43_brandmatched.webp | _wip/checkpoints/SAT-HOME-01R_20260801_020229_AEST/generated/staging-v1/clean/assets/photo_finals/maplemoon_heros43_brandmatched.webp | _wip/deploy/site/.vercel/output/static/assets/photo_finals/maplemoon_heros43_brandmatched.webp | _wip/deploy/site/assets/photo_finals/maplemoon_heros43_brandmatched.webp | _wip/deploy/site-full/.vercel/output/static/assets/photo_finals/maplemoon_heros43_brandmatched.webp | docs/client-review/2026-08-01-saturday-review/staging-v1/annotated/assets/photo_finals/maplemoon_heros43_brandmatched.webp | docs/client-review/2026-08-01-saturday-review/staging-v1/clean/assets/photo_finals/maplemoon_heros43_brandmatched.webp
D0049,3752864,3.6 MB,2,3752864,3.6 MB,c1597a7b143073b71f429028c332556f05ca5b6ec4ce7ec6d8b636cdceb5a753,assets/product_shots/bar_goji_coconut.png | assets/product_shots/bars/MM_BAR_Web-Mockups_GCOC_90G_02-FEB-2026.png
D0050,1851666,1.8 MB,3,3703332,3.5 MB,bb6785a1d9bdd6247f9b2a29baa3353ed16d341cb287d85b07ac5d2c513ec3c5,assets/hero/bar_chilli_hero.png | assets/hero_shots/moodboard/maplemoon_imagetoimage_mmbarwebmockupschil90g02feb2026png_gen_20260331_171411.png | outputs/round_2/winners/maplemoon_imagetoimage_mmbarwebmockupschil90g02feb2026png_gen_20260331_171411.png
D0051,3672701,3.5 MB,2,3672701,3.5 MB,2497c2f7cc25164910cb6f172d5d09a543a7610626f2ee70d5eaad4c93101216,assets/product_shots/bar_peppermint.png | assets/product_shots/bars/MM_BAR_Web-Mockups_PMIN_90G_02-FEB-2026.png
D0052,3669918,3.5 MB,2,3669918,3.5 MB,57b14d25e7847849cbf0f1c24ae0fbab5e18b614779abbf18362af4baa4a70ab,assets/product_shots/bar_hazelnut.png | assets/product_shots/bars/MM_BAR_Web-Mockups_HNUT_90G_02-FEB-2026.png
D0053,3642518,3.5 MB,2,3642518,3.5 MB,145b339147ade909f99782116bf89f72970bc76a78bf1616d5bf98d9a7b95ee0,assets/product_shots/bar_almond.png | assets/product_shots/bars/MM_BAR_Web-Mockups_ASAL_90G_02-FEB-2026.png
D0054,1810133,1.7 MB,3,3620266,3.5 MB,506ea422bf5c92b311f400a2ca1c40e6fefbbd6db94aa15fa1aec81e00fcfc3a,assets/hero/bar_pcar_hero_b.png | assets/hero_shots/moodboard/maplemoon_imagetoimage_mmbarwebmockupspcar90g02feb2026png_gen_20260331_171415.png | outputs/round_2/winners/maplemoon_imagetoimage_mmbarwebmockupspcar90g02feb2026png_gen_20260331_171415.png
D0055,3377664,3.2 MB,2,3377664,3.2 MB,4b22f847f05d391fb15e5ce836b6f0cd67991c94db0dff3c76c99e333914e4c2,assets/product_shots/bar_pure_carob.png | assets/product_shots/bars/MM_BAR_Web-Mockups_PCAR_90G_02-FEB-2026.png
D0056,3309851,3.2 MB,2,3309851,3.2 MB,7ccce6b7c2cd745c8962dcccc40c87d79df935931bba0b302c784efe74aa83ca,assets/product_shots/bar_cayenne.png | assets/product_shots/bars/MM_BAR_Web-Mockups_CHIL_90G_02-FEB-2026.png
D0057,545707,533 KB,7,3274242,3.1 MB,2ffd510f55c4efd1b8b7bf617a78c7f55c13d15aa7cc6c847251b3fc14047e9b,_wip/checkpoints/SAT-HOME-01R_20260801_020229_AEST/generated/staging-v1/annotated/assets/hero_shots/carob_branch_dusk.jpg | _wip/checkpoints/SAT-HOME-01R_20260801_020229_AEST/generated/staging-v1/clean/assets/hero_shots/carob_branch_dusk.jpg | _wip/deploy/site/.vercel/output/static/assets/hero_shots/carob_branch_dusk.jpg | _wip/deploy/site/assets/hero_shots/carob_branch_dusk.jpg | _wip/deploy/site-full/.vercel/output/static/assets/hero_shots/carob_branch_dusk.jpg | docs/client-review/2026-08-01-saturday-review/staging-v1/annotated/assets/hero_shots/carob_branch_dusk.jpg | docs/client-review/2026-08-01-saturday-review/staging-v1/clean/assets/hero_shots/carob_branch_dusk.jpg
D0058,2776238,2.6 MB,2,2776238,2.6 MB,57519a998c862b3614deac35a728d35635b902aa563624e56b9da46cebe43e6f,assets/product_shots/bite_coconut.png | assets/product_shots/eclipse_bites/eclipse-bite_coconut.png
D0059,1362201,1.3 MB,3,2724402,2.6 MB,e825a1142d35ce1287ee3ecbbbbf0ea8e26f2e67a6ba5d45545f8d907173f9fe,assets/hero/bar_pcar_hero.png | assets/hero_shots/moodboard/maplemoon_imagetoimage_mmbarwebmockupspcar90g02feb2026png_gen_20260331_155147.png | outputs/round_2/winners/maplemoon_imagetoimage_mmbarwebmockupspcar90g02feb2026png_gen_20260331_155147.png
D0060,1299613,1.2 MB,3,2599226,2.5 MB,0ef9e4e5486e825d733a1a095a64a850695c40f3737bb2877c7f9c94f496d02c,assets/hero_shots/moodboard/maplemoon_imagetoimage_mmbarwebmockupsgcoc90g02feb2026png_gen_20260331_190918.png | outputs/round_2/winners/maplemoon_imagetoimage_mmbarwebmockupsgcoc90g02feb2026png_gen_20260331_190918.png | outputs/round_3/r3_flavor_bars_i2i/maplemoon_imagetoimage_mmbarwebmockupsgcoc90g02feb2026png_gen_20260331_190918.png
D0061,2453241,2.3 MB,2,2453241,2.3 MB,2b8ad9d164d346cdf37994440c2fdfad6a969bea6edb59df949d68aae759fd2b,outputs/MAPLEMOON_IMAGE_SELECT_20260813/01_ALL_106_AI_GENERATIONS/097__safe_art_audit__ingredient_powder_spiced_01.png | outputs/MAPLEMOON_IMAGE_SELECT_20260813/02_CURRENT_SHORTLIST_COPIES/039__ingredient_powder_spiced_01.png
D0062,1206545,1.2 MB,3,2413090,2.3 MB,5de066a1ddb9ca255a5cabb26f61b3d2381094246f3baefe1c680e263b34048d,assets/hero/bar_peppermint_hero.png | assets/hero_shots/moodboard/reuse_peppermint_162807.png | outputs/round_2/winners/reuse_peppermint_162807.png
D0063,2373119,2.3 MB,2,2373119,2.3 MB,fd7ef53ccfafaaeb89eb7814bf8ad04f027cc6615f4e4a651fafecc5fe1309f9,outputs/MAPLEMOON_IMAGE_SELECT_20260813/01_ALL_106_AI_GENERATIONS/091__safe_art_audit__ingredient_dried_banana_01.png | outputs/MAPLEMOON_IMAGE_SELECT_20260813/02_CURRENT_SHORTLIST_COPIES/034__ingredient_dried_banana_01.png
D0064,2355811,2.2 MB,2,2355811,2.2 MB,cbd34156f2a5f81727829df87eb73d9b117f1d07045700d1b22406b843b58477,outputs/MAPLEMOON_IMAGE_SELECT_20260813/01_ALL_106_AI_GENERATIONS/092__safe_art_audit__origin_carob_tree_01.png | outputs/MAPLEMOON_IMAGE_SELECT_20260813/02_CURRENT_SHORTLIST_COPIES/042__origin_carob_tree_01.png
D0065,2291768,2.2 MB,2,2291768,2.2 MB,4036b2520c2292bbd1583b7434ade00a5a8ca5c304449e12b0879d45785240a3,assets/product_shots/bite_goji.png | assets/product_shots/eclipse_bites/eclipse-bite_goji.png
D0066,2288719,2.2 MB,2,2288719,2.2 MB,baf562132701e1fd6f4fdd7045bd4069bbe19ff505f260d8038b3c605e9ba59c,outputs/MAPLEMOON_IMAGE_SELECT_20260813/01_ALL_106_AI_GENERATIONS/089__safe_art_audit__ingredient_pecan_eclipse_01.png | outputs/MAPLEMOON_IMAGE_SELECT_20260813/02_CURRENT_SHORTLIST_COPIES/036__ingredient_pecan_eclipse_01.png
D0067,2250693,2.1 MB,2,2250693,2.1 MB,e63d29a6bc6ac05cec732b684b707b22aa7cf268d57b9ac27b1befc84a3e7643,assets/product_shots/eclipse_bites/eclipse_bites_pecan.png | assets/product_shots/eclipse_pecan.png
D0068,2241089,2.1 MB,2,2241089,2.1 MB,393f7f369ab141bb318b618d45e0bf6df324c0774fa3c0be7dd6fcad0d5758a2,outputs/MAPLEMOON_IMAGE_SELECT_20260813/02_CURRENT_SHORTLIST_COPIES/056__ritual_after_dinner_safe_v2.png | outputs/MAPLEMOON_IMAGE_SELECT_20260813/03_put_into_demo_labelled/01_replace_now_homepage_ritual/01_replace_now_homepage_ritual_after_dinner.png
D0069,247106,241 KB,10,2223954,2.1 MB,3292a84d7665b4ac756b1a43388ad3710a48805c9629cfbe26a096471a54e981,_wip/checkpoints/SAT-HOME-01R_20260801_020229_AEST/generated/staging-v1/annotated/assets/product_shots/bar_pure_carob_hero.webp | _wip/checkpoints/SAT-HOME-01R_20260801_020229_AEST/generated/staging-v1/clean/assets/product_shots/bar_pure_carob_hero.webp | _wip/deploy/site/.vercel/output/static/assets/product_shots/bar_pure_carob_hero.webp | _wip/deploy/site/assets/product_shots/bar_pure_carob_hero.webp | _wip/deploy/site-full/.vercel/output/static/assets/product_shots/bar_pure_carob_hero.webp | _wip/deploy/site-full/assets/product_shots/bar_pure_carob_hero.webp | assets/product_shots/bar_pure_carob_hero.webp | docs/client-review/2026-07-29-carli-review/staging-v1/assets/product_shots/bar_pure_carob_hero.webp | docs/client-review/2026-08-01-saturday-review/staging-v1/annotated/assets/product_shots/bar_pure_carob_hero.webp | docs/client-review/2026-08-01-saturday-review/staging-v1/clean/assets/product_shots/bar_pure_carob_hero.webp
D0070,2161882,2.1 MB,2,2161882,2.1 MB,9294e11c164ec582b277189ca6286f10625a1028aa76c5098ae9485ca705cf0c,assets/product_shots/eclipse_almond.png | assets/product_shots/eclipse_bites/eclipse-bites_almond.png
D0071,2135921,2.0 MB,2,2135921,2.0 MB,b8c94007791e175628c00aa3c420c6f16abf1875e9d73e7e12e5b9141d3f7aa3,outputs/MAPLEMOON_IMAGE_SELECT_20260813/01_ALL_106_AI_GENERATIONS/085__safe_art_audit__ingredient_coconut_goji_01.png | outputs/MAPLEMOON_IMAGE_SELECT_20260813/02_CURRENT_SHORTLIST_COPIES/033__ingredient_coconut_goji_01.png
D0072,347898,340 KB,7,2087388,2.0 MB,2a6b8400bcab4f08be0e346283d940fe55da3315b63203b6e05a4781e7a1d3ff,_wip/checkpoints/SAT-HOME-01R_20260801_020229_AEST/generated/staging-v1/annotated/assets/photo_finals/mm23_xmp_blue_hero_2400.webp | _wip/checkpoints/SAT-HOME-01R_20260801_020229_AEST/generated/staging-v1/clean/assets/photo_finals/mm23_xmp_blue_hero_2400.webp | _wip/deploy/site/.vercel/output/static/assets/photo_finals/mm23_xmp_blue_hero_2400.webp | _wip/deploy/site/assets/photo_finals/mm23_xmp_blue_hero_2400.webp | _wip/deploy/site-full/.vercel/output/static/assets/photo_finals/mm23_xmp_blue_hero_2400.webp | docs/client-review/2026-08-01-saturday-review/staging-v1/annotated/assets/photo_finals/mm23_xmp_blue_hero_2400.webp | docs/client-review/2026-08-01-saturday-review/staging-v1/clean/assets/photo_finals/mm23_xmp_blue_hero_2400.webp
D0073,2080297,2.0 MB,2,2080297,2.0 MB,289760853b7421875b9db07a7dcfd09fa361592dd580616d2aefb693b45adba5,assets/gemini/artisan/maplemoon_bar_almond_artisan_20260305.png | assets/imagery/Gemini/maplemoon_bar_almond_artisan_20260305.png
D0074,2034744,1.9 MB,2,2034744,1.9 MB,8a6ec7b5c1c5afee8db71532150cdfe6fabd049c154d832f5bc9412dda40cba7,assets/product_shots/eclipse_bites/eclipse_bites_hazelnut.png | assets/product_shots/eclipse_hazelnut.png
D0075,337746,330 KB,7,2026476,1.9 MB,a7042faa39a1ffd4b6ee62090e3d283cf329fd0737c10b21b898f13b5e9c5994,_wip/checkpoints/SAT-HOME-01R_20260801_020229_AEST/generated/staging-v1/annotated/assets/photo_finals/maplemoon_heros21_brandmatched.webp | _wip/checkpoints/SAT-HOME-01R_20260801_020229_AEST/generated/staging-v1/clean/assets/photo_finals/maplemoon_heros21_brandmatched.webp | _wip/deploy/site/.vercel/output/static/assets/photo_finals/maplemoon_heros21_brandmatched.webp | _wip/deploy/site/assets/photo_finals/maplemoon_heros21_brandmatched.webp | _wip/deploy/site-full/.vercel/output/static/assets/photo_finals/maplemoon_heros21_brandmatched.webp | docs/client-review/2026-08-01-saturday-review/staging-v1/annotated/assets/photo_finals/maplemoon_heros21_brandmatched.webp | docs/client-review/2026-08-01-saturday-review/staging-v1/clean/assets/photo_finals/maplemoon_heros21_brandmatched.webp
D0076,2016782,1.9 MB,2,2016782,1.9 MB,7aadad4eb68d3e35fcb6233f8880557bfac319a825484a5311ee8bba16263fff,outputs/MAPLEMOON_IMAGE_SELECT_20260813/01_ALL_106_AI_GENERATIONS/101__safe_art_audit__ingredient_peppermint_buckwheat_01.png | outputs/MAPLEMOON_IMAGE_SELECT_20260813/02_CURRENT_SHORTLIST_COPIES/037__ingredient_peppermint_buckwheat_01.png
D0077,2011077,1.9 MB,2,2011077,1.9 MB,88d41051cace1be88d7faf9a2f86ec3ffe4439a626212366f1e5150fc6095224,assets/gemini/artisan/maplemoon_elixir_plain_artisan_20260305.png | assets/imagery/Gemini/maplemoon_elixir_plain_artisan_20260305.png
D0078,1989495,1.9 MB,2,1989495,1.9 MB,f6e882907335d396bc1324956556fa311e99efd6c95b6d1f82738397214c1fd4,outputs/MAPLEMOON_IMAGE_SELECT_20260813/01_ALL_106_AI_GENERATIONS/086__safe_art_audit__ingredient_spiced_elixir_01.png | outputs/MAPLEMOON_IMAGE_SELECT_20260813/02_CURRENT_SHORTLIST_COPIES/040__ingredient_spiced_elixir_01.png
D0079,1970179,1.9 MB,2,1970179,1.9 MB,a43a73b35a97143984ced7fe855707ed8ed140e7a3a72ffdec6c0b7abf675674,outputs/MAPLEMOON_IMAGE_SELECT_20260813/01_ALL_106_AI_GENERATIONS/084__safe_art_audit__origin_carob_branch_01.png | outputs/MAPLEMOON_IMAGE_SELECT_20260813/02_CURRENT_SHORTLIST_COPIES/041__origin_carob_branch_01.png
D0080,1929204,1.8 MB,2,1929204,1.8 MB,bbaa84f9399fe5755fb5409454e14259e1cff8ff12d700cdf13f38a8bea637ab,outputs/MAPLEMOON_IMAGE_SELECT_20260813/01_ALL_106_AI_GENERATIONS/100__safe_art_audit__ingredient_hazelnut_eclipse_group_01.png | outputs/MAPLEMOON_IMAGE_SELECT_20260813/02_CURRENT_SHORTLIST_COPIES/035__ingredient_hazelnut_eclipse_group_01.png
D0081,959089,937 KB,3,1918178,1.8 MB,2978add264c73804b976f41c2854f36b345eb512e3193dbf5d7d921c12b032dc,assets/bar_pcar_front.png | assets/products/bar_original.jpg | assets/products/mockups/bar_original_front.png
D0082,1889770,1.8 MB,2,1889770,1.8 MB,8e7b64daf1e9caf2d2e67f378a2854e1fc368133dd633b37162af34a23edfea5,outputs/MAPLEMOON_IMAGE_SELECT_20260813/01_ALL_106_AI_GENERATIONS/103__safe_art_audit__ingredient_cayenne_salt_01.png | outputs/MAPLEMOON_IMAGE_SELECT_20260813/02_CURRENT_SHORTLIST_COPIES/032__ingredient_cayenne_salt_01.png
D0083,314942,308 KB,7,1889652,1.8 MB,2bb9b9203fdb45f66761650550ec346b9450d715183b43f0099cbdea9f7cf781,_wip/checkpoints/SAT-HOME-01R_20260801_020229_AEST/generated/staging-v1/annotated/assets/photo_finals/maplemoon_heros55_brandmatched.webp | _wip/checkpoints/SAT-HOME-01R_20260801_020229_AEST/generated/staging-v1/clean/assets/photo_finals/maplemoon_heros55_brandmatched.webp | _wip/deploy/site/.vercel/output/static/assets/photo_finals/maplemoon_heros55_brandmatched.webp | _wip/deploy/site/assets/photo_finals/maplemoon_heros55_brandmatched.webp | _wip/deploy/site-full/.vercel/output/static/assets/photo_finals/maplemoon_heros55_brandmatched.webp | docs/client-review/2026-08-01-saturday-review/staging-v1/annotated/assets/photo_finals/maplemoon_heros55_brandmatched.webp | docs/client-review/2026-08-01-saturday-review/staging-v1/clean/assets/photo_finals/maplemoon_heros55_brandmatched.webp
D0084,209434,205 KB,10,1884906,1.8 MB,506ec155c935bb7e99ca5fbe22d0f30d8ca80f4789e0a8dc98375948720cb1ff,_wip/checkpoints/SAT-HOME-01R_20260801_020229_AEST/generated/staging-v1/annotated/assets/product_shots/eclipse_goji.webp | _wip/checkpoints/SAT-HOME-01R_20260801_020229_AEST/generated/staging-v1/clean/assets/product_shots/eclipse_goji.webp | _wip/deploy/site/.vercel/output/static/assets/product_shots/eclipse_goji.webp | _wip/deploy/site/assets/product_shots/eclipse_goji.webp | _wip/deploy/site-full/.vercel/output/static/assets/product_shots/eclipse_goji.webp | _wip/deploy/site-full/assets/product_shots/eclipse_goji.webp | assets/product_shots/eclipse_goji.webp | docs/client-review/2026-07-29-carli-review/staging-v1/assets/product_shots/eclipse_goji.webp | docs/client-review/2026-08-01-saturday-review/staging-v1/annotated/assets/product_shots/eclipse_goji.webp | docs/client-review/2026-08-01-saturday-review/staging-v1/clean/assets/product_shots/eclipse_goji.webp
D0085,1867397,1.8 MB,2,1867397,1.8 MB,b68ba9b73c2d06dc386acb4054602ad40fe7ed85a857a62d26857b581d7c5955,assets/gemini/studio/maplemoon_bar_almond_studio_20260305.png | assets/imagery/Gemini/maplemoon_bar_almond_studio_20260305.png
D0086,1854307,1.8 MB,2,1854307,1.8 MB,bf6ac70027fecf103e4d0c00174544c5a3898d3244fb05af58b6fea36766e23d,assets/gemini/artisan/maplemoon_eclipse_pecan_artisan_20260305.png | assets/imagery/Gemini/maplemoon_eclipse_pecan_artisan_20260305.png
D0087,1829276,1.7 MB,2,1829276,1.7 MB,f23a30f41800d1d957a6c8058dd508ff6a285b003235bcbaf36055dcbc07033e,assets/gemini/artisan/maplemoon_bar_chilli_artisan_20260305.png | assets/imagery/Gemini/maplemoon_bar_chilli_artisan_20260305.png
D0088,300881,294 KB,7,1805286,1.7 MB,a05905e70cce7a7ebd25bc698dbeec233bf11ebbe957709146a5934bb41b31b8,_wip/checkpoints/SAT-HOME-01R_20260801_020229_AEST/generated/staging-v1/annotated/assets/hero_shots/carob_pods_cluster.jpg | _wip/checkpoints/SAT-HOME-01R_20260801_020229_AEST/generated/staging-v1/clean/assets/hero_shots/carob_pods_cluster.jpg | _wip/deploy/site/.vercel/output/static/assets/hero_shots/carob_pods_cluster.jpg | _wip/deploy/site/assets/hero_shots/carob_pods_cluster.jpg | _wip/deploy/site-full/.vercel/output/static/assets/hero_shots/carob_pods_cluster.jpg | docs/client-review/2026-08-01-saturday-review/staging-v1/annotated/assets/hero_shots/carob_pods_cluster.jpg | docs/client-review/2026-08-01-saturday-review/staging-v1/clean/assets/hero_shots/carob_pods_cluster.jpg
D0089,1776529,1.7 MB,2,1776529,1.7 MB,c7f42335f2ee769c46876ec50cd3e2c8a8836f72fc82a1cb2aa4ed69bbf46bde,assets/gemini/artisan/maplemoon_bar_bundle_artisan_20260305.png | assets/imagery/Gemini/maplemoon_bar_bundle_artisan_20260305.png
D0090,591177,577 KB,4,1773531,1.7 MB,1c878951d8ad93d27e74530f22d91e2d3d63ec08feb552b9c3534ffe36689e90,_wip/checkpoints/SAT-HOME-01R_20260801_020229_AEST/generated/staging-v1/annotated/assets/licensed/carob_farm/australian-carob-0205.jpg | _wip/checkpoints/SAT-HOME-01R_20260801_020229_AEST/generated/staging-v1/clean/assets/licensed/carob_farm/australian-carob-0205.jpg | docs/client-review/2026-08-01-saturday-review/staging-v1/annotated/assets/licensed/carob_farm/australian-carob-0205.jpg | docs/client-review/2026-08-01-saturday-review/staging-v1/clean/assets/licensed/carob_farm/australian-carob-0205.jpg
D0091,1769260,1.7 MB,2,1769260,1.7 MB,87b79da698ee57a25160789dc404c9f3decba88ae61da3a3df1ec32b0476f340,assets/gemini/artisan/maplemoon_bar_hazelnut_artisan_20260305.png | assets/imagery/Gemini/maplemoon_bar_hazelnut_artisan_20260305.png
D0092,1758575,1.7 MB,2,1758575,1.7 MB,4e36c3f9a00bbcf1b62edadf15db049034eb74061c213dfb3edb83b9cab8eea6,outputs/MAPLEMOON_IMAGE_SELECT_20260813/01_ALL_106_AI_GENERATIONS/096__safe_art_audit__ingredient_powder_pure_01.png | outputs/MAPLEMOON_IMAGE_SELECT_20260813/02_CURRENT_SHORTLIST_COPIES/038__ingredient_powder_pure_01.png
D0093,1758222,1.7 MB,2,1758222,1.7 MB,72aadcb349e5ab290d7c261e9d68b2ac32140defb48670d625c65476258d7c20,assets/gemini/studio/maplemoon_elixir_spiced_studio_20260305.png | assets/imagery/Gemini/maplemoon_elixir_spiced_studio_20260305.png
D0094,1757676,1.7 MB,2,1757676,1.7 MB,216c75b38ca9368afe43dc74ebdf84c2c13c05fc8a3b4e27dc6db6cfd98285c5,outputs/MAPLEMOON_IMAGE_SELECT_20260813/01_ALL_106_AI_GENERATIONS/099__safe_art_audit__ingredient_almond_salted_almond_group_01.png | outputs/MAPLEMOON_IMAGE_SELECT_20260813/02_CURRENT_SHORTLIST_COPIES/031__ingredient_almond_salted_almond_group_01.png
D0095,1739768,1.7 MB,2,1739768,1.7 MB,67f17f4197f2c93f63e3e5815d07094e756bdf5562e83d46c8d7828443428b83,assets/gemini/artisan/maplemoon_eclipse_hazelnut_artisan_20260305.png | assets/imagery/Gemini/maplemoon_eclipse_hazelnut_artisan_20260305.png
D0096,1730035,1.6 MB,2,1730035,1.6 MB,d57f988e26fb1009e0e1187b9f7f177429dd13a3899d379282b918b7324929b0,outputs/MAPLEMOON_IMAGE_SELECT_20260813/01_ALL_106_AI_GENERATIONS/088__safe_art_audit__product_pecan_eclipse_editorial_01.png | outputs/MAPLEMOON_IMAGE_SELECT_20260813/02_CURRENT_SHORTLIST_COPIES/043__product_pecan_eclipse_editorial_01.png
D0097,1675380,1.6 MB,2,1675380,1.6 MB,fd713675df6dddb04fe5625ae3b4eca8ec65594d1ea249f35eec904eac2e2e33,assets/gemini/artisan/maplemoon_eclipse_fudge_artisan_20260305.png | assets/imagery/Gemini/maplemoon_eclipse_fudge_artisan_20260305.png
D0098,182582,178 KB,10,1643238,1.6 MB,ae753811391090aad4b9587792c47dfc020c99a88af443a145b3c544ff6320b7,_wip/checkpoints/SAT-HOME-01R_20260801_020229_AEST/generated/staging-v1/annotated/assets/hero_shots/silhouette_closeup.webp | _wip/checkpoints/SAT-HOME-01R_20260801_020229_AEST/generated/staging-v1/clean/assets/hero_shots/silhouette_closeup.webp | _wip/deploy/site/.vercel/output/static/assets/hero_shots/silhouette_closeup.webp | _wip/deploy/site/assets/hero_shots/silhouette_closeup.webp | _wip/deploy/site-full/.vercel/output/static/assets/hero_shots/silhouette_closeup.webp | _wip/deploy/site-full/assets/hero_shots/silhouette_closeup.webp | assets/hero_shots/silhouette_closeup.webp | docs/client-review/2026-07-29-carli-review/staging-v1/assets/hero_shots/silhouette_closeup.webp | docs/client-review/2026-08-01-saturday-review/staging-v1/annotated/assets/hero_shots/silhouette_closeup.webp | docs/client-review/2026-08-01-saturday-review/staging-v1/clean/assets/hero_shots/silhouette_closeup.webp
D0099,1587108,1.5 MB,2,1587108,1.5 MB,2ad3d309d62536d4a1fb21575f0153e038327fa960b8875e2270d8ee76654c33,assets/gemini/artisan/maplemoon_bar_original_artisan_20260305.png | assets/imagery/Gemini/maplemoon_bar_original_artisan_20260305.png
D0100,1563599,1.5 MB,2,1563599,1.5 MB,0e7c902a82d2b70bc88b356808adb6ae60a3611c4ec15c7f54bdd2b135d28576,assets/gemini/artisan/maplemoon_eclipse_bundle_artisan_20260305.png | assets/imagery/Gemini/maplemoon_eclipse_bundle_artisan_20260305.png
D0101,1540643,1.5 MB,2,1540643,1.5 MB,59726a1eee149685f3fc9b73439e24eaa6221e57d085d95a6d08322547943875,assets/gemini/artisan/maplemoon_eclipse_goji_artisan_20260305.png | assets/imagery/Gemini/maplemoon_eclipse_goji_artisan_20260305.png
D0102,1536566,1.5 MB,2,1536566,1.5 MB,dfdce1e9881ff7675af20d2205ee3a16cad3f3151e18a50055a42fb5d57f781e,assets/gemini/studio/maplemoon_bar_coconut_goji_studio_20260305.png | assets/imagery/Gemini/maplemoon_bar_coconut_goji_studio_20260305.png
D0103,509449,498 KB,4,1528347,1.5 MB,2b1b5ba4ca7cd6c2b6bc05b349d22261eb9956f0641d44ffa70c84f96cab4dda,_wip/checkpoints/SAT-HOME-01R_20260801_020229_AEST/generated/staging-v1/annotated/assets/licensed/carob_farm/australian-carob-0205-16x9.jpg | _wip/checkpoints/SAT-HOME-01R_20260801_020229_AEST/generated/staging-v1/clean/assets/licensed/carob_farm/australian-carob-0205-16x9.jpg | docs/client-review/2026-08-01-saturday-review/staging-v1/annotated/assets/licensed/carob_farm/australian-carob-0205-16x9.jpg | docs/client-review/2026-08-01-saturday-review/staging-v1/clean/assets/licensed/carob_farm/australian-carob-0205-16x9.jpg
D0104,507517,496 KB,4,1522551,1.5 MB,8544915bc358908c7234f2967e8de15d216bf624c8c675c92241fdfaec0219a8,assets/hero_shots/hero_carob_pods_macro_dark.jpg | assets/hero_shots/hero_carob_pods_macro.jpg | assets/stock/stock_carob_pods_macro2.jpg | assets/stock/stock_ingredient_pods.jpg
D0105,166356,162 KB,10,1497204,1.4 MB,794d3096aadccde851f7045ac2a36989bffce7f57e5a3273f980b6f29bf8a669,_wip/checkpoints/SAT-HOME-01R_20260801_020229_AEST/generated/staging-v1/annotated/assets/hero_shots/blue_fog_001.webp | _wip/checkpoints/SAT-HOME-01R_20260801_020229_AEST/generated/staging-v1/clean/assets/hero_shots/blue_fog_001.webp | _wip/deploy/site/.vercel/output/static/assets/hero_shots/blue_fog_001.webp | _wip/deploy/site/assets/hero_shots/blue_fog_001.webp | _wip/deploy/site-full/.vercel/output/static/assets/hero_shots/blue_fog_001.webp | _wip/deploy/site-full/assets/hero_shots/blue_fog_001.webp | assets/hero_shots/blue_fog_001.webp | docs/client-review/2026-07-29-carli-review/staging-v1/assets/hero_shots/blue_fog_001.webp | docs/client-review/2026-08-01-saturday-review/staging-v1/annotated/assets/hero_shots/blue_fog_001.webp | docs/client-review/2026-08-01-saturday-review/staging-v1/clean/assets/hero_shots/blue_fog_001.webp
D0106,1495763,1.4 MB,2,1495763,1.4 MB,c5d6d7a26fc930db6367019275276a4978891621cf97ede11660264d616b592e,assets/gemini/studio/maplemoon_bar_peppermint_studio_20260305.png | assets/imagery/Gemini/maplemoon_bar_peppermint_studio_20260305.png
D0107,1486336,1.4 MB,2,1486336,1.4 MB,79b1b6719a2b034ef7ed1cede8cc2fd40e38ee219f57dd33d36c6b1d8fbc765c,outputs/MAPLEMOON_IMAGE_SELECT_20260813/02_CURRENT_SHORTLIST_COPIES/058__ritual_tea_night_safe_v2.png | outputs/MAPLEMOON_IMAGE_SELECT_20260813/03_put_into_demo_labelled/01_replace_now_homepage_ritual/03_replace_now_homepage_ritual_tea_at_night.png
D0108,163216,159 KB,10,1468944,1.4 MB,3b0515fd4deb8916da9d613f0d8fd94ba6a7c25756f188e6187a932056b6ff46,_wip/checkpoints/SAT-HOME-01R_20260801_020229_AEST/generated/staging-v1/annotated/assets/product_shots/eclipse_bundle.webp | _wip/checkpoints/SAT-HOME-01R_20260801_020229_AEST/generated/staging-v1/clean/assets/product_shots/eclipse_bundle.webp | _wip/deploy/site/.vercel/output/static/assets/product_shots/eclipse_bundle.webp | _wip/deploy/site/assets/product_shots/eclipse_bundle.webp | _wip/deploy/site-full/.vercel/output/static/assets/product_shots/eclipse_bundle.webp | _wip/deploy/site-full/assets/product_shots/eclipse_bundle.webp | assets/product_shots/eclipse_bundle.webp | docs/client-review/2026-07-29-carli-review/staging-v1/assets/product_shots/eclipse_bundle.webp | docs/client-review/2026-08-01-saturday-review/staging-v1/annotated/assets/product_shots/eclipse_bundle.webp | docs/client-review/2026-08-01-saturday-review/staging-v1/clean/assets/product_shots/eclipse_bundle.webp
D0109,239420,234 KB,7,1436520,1.4 MB,d8264708ac65c854ac4949a57033b2aa4b035a6df11bae4598957697f0cc220d,_wip/checkpoints/SAT-HOME-01R_20260801_020229_AEST/generated/staging-v1/annotated/assets/photo_finals/maplemoon_heros41_brandmatched.webp | _wip/checkpoints/SAT-HOME-01R_20260801_020229_AEST/generated/staging-v1/clean/assets/photo_finals/maplemoon_heros41_brandmatched.webp | _wip/deploy/site/.vercel/output/static/assets/photo_finals/maplemoon_heros41_brandmatched.webp | _wip/deploy/site/assets/photo_finals/maplemoon_heros41_brandmatched.webp | _wip/deploy/site-full/.vercel/output/static/assets/photo_finals/maplemoon_heros41_brandmatched.webp | docs/client-review/2026-08-01-saturday-review/staging-v1/annotated/assets/photo_finals/maplemoon_heros41_brandmatched.webp | docs/client-review/2026-08-01-saturday-review/staging-v1/clean/assets/photo_finals/maplemoon_heros41_brandmatched.webp
D0110,1431678,1.4 MB,2,1431678,1.4 MB,beb791f5af67d429df789b9a596b123436e3ee6e6f488191260c3732e8b72b92,outputs/MAPLEMOON_IMAGE_SELECT_20260813/02_CURRENT_SHORTLIST_COPIES/057__ritual_afternoon_safe_v3.png | outputs/MAPLEMOON_IMAGE_SELECT_20260813/03_put_into_demo_labelled/01_replace_now_homepage_ritual/02_replace_now_homepage_ritual_afternoon_reset.png
D0111,1388417,1.3 MB,2,1388417,1.3 MB,22d4ab0c57d6ea1ba3528de6dc1a436ac040bdcf017e106ae5502986a910d3bb,_wip/reviews/photoshoot_repair_batch1_20260731/heros24_manual_retouch/qa_heros24_lower_contacts_100pct.png | _wip/reviews/photoshoot_repair_batch1_20260731/qa_heros24_lower_contacts_100pct.png
D0112,1378408,1.3 MB,2,1378408,1.3 MB,24ec8fe675d3ed4eec3fc48e0b7df84b298c919e86a48f109a8b129b2946c49f,assets/gemini/artisan/maplemoon_bar_coconut_goji_artisan_20260305.png | assets/imagery/Gemini/maplemoon_bar_coconut_goji_artisan_20260305.png
D0113,1350568,1.3 MB,2,1350568,1.3 MB,4fc6de9af1d363e69930f64e2a37db28a5c5876cc33c4c413b8a0f0c99bd5104,assets/gemini/studio/maplemoon_eclipse_hazelnut_studio_20260305.png | assets/imagery/Gemini/maplemoon_eclipse_hazelnut_studio_20260305.png
D0114,1348929,1.3 MB,2,1348929,1.3 MB,b0db987e3c445d2edcc1932c7d101e0f1480ab408de51cb6ab9f67dbd95dcca5,assets/gemini/studio/maplemoon_eclipse_fudge_studio_20260305.png | assets/imagery/Gemini/maplemoon_eclipse_fudge_studio_20260305.png
D0115,1347592,1.3 MB,2,1347592,1.3 MB,f7e326fdd39f342c71ef0658e079b1c3f7d9f97552e359e7e9f8e966008b6e8f,assets/gemini/studio/maplemoon_eclipse_bundle_studio_20260305.png | assets/imagery/Gemini/maplemoon_eclipse_bundle_studio_20260305.png
D0116,1311908,1.3 MB,2,1311908,1.3 MB,dde370d0c495d9979fac78f757cb1e09ac78046afd678994936face16c45fdb7,assets/bar_chilli.png | assets/products/mockups/bar_chilli_front+back.png
D0117,145156,142 KB,10,1306404,1.2 MB,9b2055d5294814b6c2773a7d54bf578d4d42b0779272eb6f8b89b74b2fa76874,_wip/checkpoints/SAT-HOME-01R_20260801_020229_AEST/generated/staging-v1/annotated/assets/our_story/studio_bar_rock.webp | _wip/checkpoints/SAT-HOME-01R_20260801_020229_AEST/generated/staging-v1/clean/assets/our_story/studio_bar_rock.webp | _wip/deploy/site/.vercel/output/static/assets/our_story/studio_bar_rock.webp | _wip/deploy/site/assets/our_story/studio_bar_rock.webp | _wip/deploy/site-full/.vercel/output/static/assets/our_story/studio_bar_rock.webp | _wip/deploy/site-full/assets/our_story/studio_bar_rock.webp | assets/our_story/studio_bar_rock.webp | docs/client-review/2026-07-29-carli-review/staging-v1/assets/our_story/studio_bar_rock.webp | docs/client-review/2026-08-01-saturday-review/staging-v1/annotated/assets/our_story/studio_bar_rock.webp | docs/client-review/2026-08-01-saturday-review/staging-v1/clean/assets/our_story/studio_bar_rock.webp
D0118,214646,210 KB,7,1287876,1.2 MB,2dea13022b18d8d67a98daf1acf98a97da9c03bd6bc7082a30eb2da5936e2362,_wip/checkpoints/SAT-HOME-01R_20260801_020229_AEST/generated/staging-v1/annotated/assets/photo_finals/maplemoon_heros55_brandmatched_atmospheric.webp | _wip/checkpoints/SAT-HOME-01R_20260801_020229_AEST/generated/staging-v1/clean/assets/photo_finals/maplemoon_heros55_brandmatched_atmospheric.webp | _wip/deploy/site/.vercel/output/static/assets/photo_finals/maplemoon_heros55_brandmatched_atmospheric.webp | _wip/deploy/site/assets/photo_finals/maplemoon_heros55_brandmatched_atmospheric.webp | _wip/deploy/site-full/.vercel/output/static/assets/photo_finals/maplemoon_heros55_brandmatched_atmospheric.webp | docs/client-review/2026-08-01-saturday-review/staging-v1/annotated/assets/photo_finals/maplemoon_heros55_brandmatched_atmospheric.webp | docs/client-review/2026-08-01-saturday-review/staging-v1/clean/assets/photo_finals/maplemoon_heros55_brandmatched_atmospheric.webp
D0119,1284911,1.2 MB,2,1284911,1.2 MB,afda55dacbb5312dd005c8aae90a1a6aeea3a2395c28598362f1d5f8aeb3f215,assets/gemini/studio/maplemoon_eclipse_goji_studio_20260305.png | assets/imagery/Gemini/maplemoon_eclipse_goji_studio_20260305.png
D0120,1280154,1.2 MB,2,1280154,1.2 MB,5dde0b5c25aa1a1a8ef34085f24730595d1dc42760817444cdc9be811d528f6a,assets/bar_asal.png | assets/products/mockups/bar_almond_front+back.png
D0121,1258926,1.2 MB,2,1258926,1.2 MB,a6804cacd5d3a921e05d1c23a745af76ae77ec662ba9108a8d54089ad07356c0,assets/bar_pmin.png | assets/products/mockups/bar_peppermint_front+back.png
D0122,138352,135 KB,10,1245168,1.2 MB,76d8195360474ebc2e944bbae06abbcfb62bb4dd5d79354e12ee3088267c5e15,_wip/checkpoints/SAT-HOME-01R_20260801_020229_AEST/generated/staging-v1/annotated/assets/hero_shots/moonlit_ocean_night.webp | _wip/checkpoints/SAT-HOME-01R_20260801_020229_AEST/generated/staging-v1/clean/assets/hero_shots/moonlit_ocean_night.webp | _wip/deploy/site/.vercel/output/static/assets/hero_shots/moonlit_ocean_night.webp | _wip/deploy/site/assets/hero_shots/moonlit_ocean_night.webp | _wip/deploy/site-full/.vercel/output/static/assets/hero_shots/moonlit_ocean_night.webp | _wip/deploy/site-full/assets/hero_shots/moonlit_ocean_night.webp | assets/hero_shots/moonlit_ocean_night.webp | docs/client-review/2026-07-29-carli-review/staging-v1/assets/hero_shots/moonlit_ocean_night.webp | docs/client-review/2026-08-01-saturday-review/staging-v1/annotated/assets/hero_shots/moonlit_ocean_night.webp | docs/client-review/2026-08-01-saturday-review/staging-v1/clean/assets/hero_shots/moonlit_ocean_night.webp
D0123,247472,242 KB,6,1237360,1.2 MB,3f803c5b9354b2c263b8e16ab3989b88323675bd113d907656f46bbf45fec85d,_wip/checkpoints/SAT-HOME-01R_20260801_020229_AEST/generated/staging-v1/annotated/assets/product_shots/eclipse_fudge.webp | _wip/checkpoints/SAT-HOME-01R_20260801_020229_AEST/generated/staging-v1/clean/assets/product_shots/eclipse_fudge.webp | _wip/deploy/site-full/.vercel/output/static/assets/product_shots/eclipse_fudge.webp | docs/client-review/2026-07-29-carli-review/staging-v1/assets/product_shots/eclipse_fudge.webp | docs/client-review/2026-08-01-saturday-review/staging-v1/annotated/assets/product_shots/eclipse_fudge.webp | docs/client-review/2026-08-01-saturday-review/staging-v1/clean/assets/product_shots/eclipse_fudge.webp
D0124,1235594,1.2 MB,2,1235594,1.2 MB,71aba53ae13cdb1e3ed12362833f71f44b33a66e0d66c9be43ce3398b3e00fe4,assets/gemini/studio/maplemoon_eclipse_almond_studio_20260305.png | assets/imagery/Gemini/maplemoon_eclipse_almond_studio_20260305.png
D0125,1225018,1.2 MB,2,1225018,1.2 MB,b8b79755990e423c80b579581a22cbcdfe0655a5d0c6c984c10643804a786950,assets/gemini/studio/maplemoon_bar_bundle_studio_20260305.png | assets/imagery/Gemini/maplemoon_bar_bundle_studio_20260305.png
D0126,1216608,1.2 MB,2,1216608,1.2 MB,e2224447dac73b4c433e595cc2cb93bd7345a794910a79c0483acc2c0391e6a7,assets/gemini/artisan/maplemoon_bar_peppermint_artisan_20260305.png | assets/imagery/Gemini/maplemoon_bar_peppermint_artisan_20260305.png
D0127,1205452,1.1 MB,2,1205452,1.1 MB,0aa5f56c9634cbed720a02fa920f2729a9a7526df914763ef2271413a5bad43a,assets/gemini/studio/maplemoon_bar_hazelnut_studio_20260305.png | assets/imagery/Gemini/maplemoon_bar_hazelnut_studio_20260305.png
D0128,1199819,1.1 MB,2,1199819,1.1 MB,a6f69a2f99c42254687cebf8fccae64a035ec1a7d302ef82c651706cfd8d2ece,assets/gemini/artisan/maplemoon_powder_roasted_artisan_20260305.png | assets/imagery/Gemini/maplemoon_powder_roasted_artisan_20260305.png
D0129,1173541,1.1 MB,2,1173541,1.1 MB,70d56073b969a23cfe81abdd92a6bd434e2eb6481c54833937f182811f354350,assets/bar_hnut.png | assets/products/mockups/bar_hazelnut_front+back.png
D0130,130000,127 KB,10,1170000,1.1 MB,4d5709e5775c71d91541e945ff8e9827d17174d1e1642d3c80225ac2db753787,_wip/checkpoints/SAT-HOME-01R_20260801_020229_AEST/generated/staging-v1/annotated/assets/product_shots/bar_peppermint.webp | _wip/checkpoints/SAT-HOME-01R_20260801_020229_AEST/generated/staging-v1/clean/assets/product_shots/bar_peppermint.webp | _wip/deploy/site/.vercel/output/static/assets/product_shots/bar_peppermint.webp | _wip/deploy/site/assets/product_shots/bar_peppermint.webp | _wip/deploy/site-full/.vercel/output/static/assets/product_shots/bar_peppermint.webp | _wip/deploy/site-full/assets/product_shots/bar_peppermint.webp | assets/product_shots/bar_peppermint.webp | docs/client-review/2026-07-29-carli-review/staging-v1/assets/product_shots/bar_peppermint.webp | docs/client-review/2026-08-01-saturday-review/staging-v1/annotated/assets/product_shots/bar_peppermint.webp | docs/client-review/2026-08-01-saturday-review/staging-v1/clean/assets/product_shots/bar_peppermint.webp
D0131,129838,127 KB,10,1168542,1.1 MB,957340b94fd87095b96eaed416ebef7c086333bd0685ab67fdabde6488542e81,_wip/checkpoints/SAT-HOME-01R_20260801_020229_AEST/generated/staging-v1/annotated/assets/product_shots/bar_cayenne.webp | _wip/checkpoints/SAT-HOME-01R_20260801_020229_AEST/generated/staging-v1/clean/assets/product_shots/bar_cayenne.webp | _wip/deploy/site/.vercel/output/static/assets/product_shots/bar_cayenne.webp | _wip/deploy/site/assets/product_shots/bar_cayenne.webp | _wip/deploy/site-full/.vercel/output/static/assets/product_shots/bar_cayenne.webp | _wip/deploy/site-full/assets/product_shots/bar_cayenne.webp | assets/product_shots/bar_cayenne.webp | docs/client-review/2026-07-29-carli-review/staging-v1/assets/product_shots/bar_cayenne.webp | docs/client-review/2026-08-01-saturday-review/staging-v1/annotated/assets/product_shots/bar_cayenne.webp | docs/client-review/2026-08-01-saturday-review/staging-v1/clean/assets/product_shots/bar_cayenne.webp
D0132,116564,114 KB,11,1165640,1.1 MB,67a56d7c1b7e27973f86f7fe705ec48a963f8c22402bc46f60eb24e155a44e88,_wip/checkpoints/SAT-HOME-01R_20260801_020229_AEST/generated/staging-v1/annotated/assets/our_story/founders_portrait_h212.webp | _wip/checkpoints/SAT-HOME-01R_20260801_020229_AEST/generated/staging-v1/clean/assets/our_story/founders_portrait_h212.webp | _wip/deploy/site/.vercel/output/static/assets/our_story/founders_portrait_h212.webp | _wip/deploy/site/assets/our_story/founders_portrait_h212.webp | _wip/deploy/site-full/.vercel/output/static/assets/our_story/founders_portrait_h212.webp | _wip/deploy/site-full/assets/our_story/founders_portrait_h212.webp | .superpowers/brainstorm/33659-1785136292/content/h212.webp | assets/our_story/founders_portrait_h212.webp | docs/client-review/2026-07-29-carli-review/staging-v1/assets/our_story/founders_portrait_h212.webp | docs/client-review/2026-08-01-saturday-review/staging-v1/annotated/assets/our_story/founders_portrait_h212.webp | docs/client-review/2026-08-01-saturday-review/staging-v1/clean/assets/our_story/founders_portrait_h212.webp
D0133,129290,126 KB,10,1163610,1.1 MB,bc71c90d342d1f6fcad6d70bd239c8d425b4acb02e3afc82158699ec59e8b852,_wip/checkpoints/SAT-HOME-01R_20260801_020229_AEST/generated/staging-v1/annotated/assets/product_shots/bar_hazelnut.webp | _wip/checkpoints/SAT-HOME-01R_20260801_020229_AEST/generated/staging-v1/clean/assets/product_shots/bar_hazelnut.webp | _wip/deploy/site/.vercel/output/static/assets/product_shots/bar_hazelnut.webp | _wip/deploy/site/assets/product_shots/bar_hazelnut.webp | _wip/deploy/site-full/.vercel/output/static/assets/product_shots/bar_hazelnut.webp | _wip/deploy/site-full/assets/product_shots/bar_hazelnut.webp | assets/product_shots/bar_hazelnut.webp | docs/client-review/2026-07-29-carli-review/staging-v1/assets/product_shots/bar_hazelnut.webp | docs/client-review/2026-08-01-saturday-review/staging-v1/annotated/assets/product_shots/bar_hazelnut.webp | docs/client-review/2026-08-01-saturday-review/staging-v1/clean/assets/product_shots/bar_hazelnut.webp
D0134,232605,227 KB,6,1163025,1.1 MB,03b764279d3e053779a0ca0bce5bbef2e54824c93f9a12e1fa710dbae6b1a7ac,_wip/deploy/site/.vercel/output/static/assets/licensed/carob_farm/australian-carob-0205-mobile.jpg | _wip/deploy/site/assets/licensed/carob_farm/australian-carob-0205-mobile.jpg | _wip/deploy/site-full/.vercel/output/static/assets/licensed/carob_farm/australian-carob-0205-mobile.jpg | _wip/deploy/site-full/assets/licensed/carob_farm/australian-carob-0205-mobile.jpg | assets/licensed/carob_farm/australian-carob-0205-mobile.jpg | docs/client-review/2026-07-29-carli-review/staging-v1/assets/licensed/carob_farm/australian-carob-0205-mobile.jpg
D0135,1156613,1.1 MB,2,1156613,1.1 MB,55f36e469066d43fb8d2ab39313c54b3929c8b829da7eef1ea287f323dca6b0a,assets/bar_gcoc.png | assets/products/mockups/bar_coconut_goji_front+back.png
D0136,127706,125 KB,10,1149354,1.1 MB,f695b7171b72ec1f9d7f7010a54a9694c372d1807b04868412107a399e5f409e,_wip/checkpoints/SAT-HOME-01R_20260801_020229_AEST/generated/staging-v1/annotated/assets/product_shots/bar_goji_coconut.webp | _wip/checkpoints/SAT-HOME-01R_20260801_020229_AEST/generated/staging-v1/clean/assets/product_shots/bar_goji_coconut.webp | _wip/deploy/site/.vercel/output/static/assets/product_shots/bar_goji_coconut.webp | _wip/deploy/site/assets/product_shots/bar_goji_coconut.webp | _wip/deploy/site-full/.vercel/output/static/assets/product_shots/bar_goji_coconut.webp | _wip/deploy/site-full/assets/product_shots/bar_goji_coconut.webp | assets/product_shots/bar_goji_coconut.webp | docs/client-review/2026-07-29-carli-review/staging-v1/assets/product_shots/bar_goji_coconut.webp | docs/client-review/2026-08-01-saturday-review/staging-v1/annotated/assets/product_shots/bar_goji_coconut.webp | docs/client-review/2026-08-01-saturday-review/staging-v1/clean/assets/product_shots/bar_goji_coconut.webp
D0137,127140,124 KB,10,1144260,1.1 MB,87b890393a549ba8e477f19892ac82d7a8934f101b4347441f3db2878c06c208,_wip/checkpoints/SAT-HOME-01R_20260801_020229_AEST/generated/staging-v1/annotated/assets/product_shots/bar_almond.webp | _wip/checkpoints/SAT-HOME-01R_20260801_020229_AEST/generated/staging-v1/clean/assets/product_shots/bar_almond.webp | _wip/deploy/site/.vercel/output/static/assets/product_shots/bar_almond.webp | _wip/deploy/site/assets/product_shots/bar_almond.webp | _wip/deploy/site-full/.vercel/output/static/assets/product_shots/bar_almond.webp | _wip/deploy/site-full/assets/product_shots/bar_almond.webp | assets/product_shots/bar_almond.webp | docs/client-review/2026-07-29-carli-review/staging-v1/assets/product_shots/bar_almond.webp | docs/client-review/2026-08-01-saturday-review/staging-v1/annotated/assets/product_shots/bar_almond.webp | docs/client-review/2026-08-01-saturday-review/staging-v1/clean/assets/product_shots/bar_almond.webp
D0138,1142989,1.1 MB,2,1142989,1.1 MB,54e6e076d6bf956ef30830b3179e9c61e4d373c605d48a7bad590cf10b89d4fa,assets/gemini/studio/maplemoon_bar_chilli_studio_20260305.png | assets/imagery/Gemini/maplemoon_bar_chilli_studio_20260305.png
D0139,567218,554 KB,3,1134436,1.1 MB,5f6fd5235bdde463a84d7133317b354208f97f84a1ca98983746be4c625efee9,_wip/deploy/site-full/assets/hero_shots/carob_branch_dusk.jpg | assets/hero_shots/carob_branch_dusk.jpg | docs/client-review/2026-07-29-carli-review/staging-v1/assets/hero_shots/carob_branch_dusk.jpg
D0140,1128554,1.1 MB,2,1128554,1.1 MB,f385c376870288eb9afd9c33d6068d82f62fc65782308cdeb1b2d9dc52478f98,assets/gemini/studio/maplemoon_elixir_plain_studio_20260305.png | assets/imagery/Gemini/maplemoon_elixir_plain_studio_20260305.png
D0141,1125260,1.1 MB,2,1125260,1.1 MB,1b2f39e2990f310efe1c035adc56d1771e90fa4d6ca5fbc6355c6602fd73eb72,_wip/reviews/photoshoot_repair_batch1_20260731/heros24_manual_retouch/qa_heros24_moon_stack_100pct.png | _wip/reviews/photoshoot_repair_batch1_20260731/qa_heros24_moon_stack_100pct.png
D0142,1101460,1.1 MB,2,1101460,1.1 MB,ec71f2f0235060ec7653ee03993ea969abfd749b94d538e6a6b4f38ab94a255b,assets/gemini/artisan/maplemoon_eclipse_almond_artisan_20260305.png | assets/imagery/Gemini/maplemoon_eclipse_almond_artisan_20260305.png
D0143,122240,119 KB,10,1100160,1.0 MB,ba6e31d13684f7459dd2df44c90ca804c46886aa1a2a2092e36fe627352c8db8,_wip/checkpoints/SAT-HOME-01R_20260801_020229_AEST/generated/staging-v1/annotated/assets/product_shots/bar_pure_carob.webp | _wip/checkpoints/SAT-HOME-01R_20260801_020229_AEST/generated/staging-v1/clean/assets/product_shots/bar_pure_carob.webp | _wip/deploy/site/.vercel/output/static/assets/product_shots/bar_pure_carob.webp | _wip/deploy/site/assets/product_shots/bar_pure_carob.webp | _wip/deploy/site-full/.vercel/output/static/assets/product_shots/bar_pure_carob.webp | _wip/deploy/site-full/assets/product_shots/bar_pure_carob.webp | assets/product_shots/bar_pure_carob.webp | docs/client-review/2026-07-29-carli-review/staging-v1/assets/product_shots/bar_pure_carob.webp | docs/client-review/2026-08-01-saturday-review/staging-v1/annotated/assets/product_shots/bar_pure_carob.webp | docs/client-review/2026-08-01-saturday-review/staging-v1/clean/assets/product_shots/bar_pure_carob.webp
D0144,1082100,1.0 MB,2,1082100,1.0 MB,04d3d9db18f048efeef046ebc52b32c861038d9ebf5bee925cc8fdbcb720e971,outputs/MAPLEMOON_IMAGE_SELECT_20260813/00_START_HERE_CONTACT_SHEETS/13__page_social_contact_sheet.png | outputs/MAPLEMOON_IMAGE_SELECT_20260813/03_put_into_demo_labelled/00_review_boards/metadata_review_board.png
D0145,344452,336 KB,4,1033356,1009 KB,3db9dccd65cf6003a2185d5a851c503a93d86fb4ae6ff338f0a1fbbf4c07579e,_wip/deploy/site-full/assets/photo_finals/maplemoon_heros21_brandmatched.webp | .superpowers/brainstorm/33659-1785136292/content/reference-mood.webp | assets/photo_finals/maplemoon_heros21_brandmatched.webp | docs/client-review/2026-07-29-carli-review/staging-v1/assets/photo_finals/maplemoon_heros21_brandmatched.webp
D0146,1025060,1001 KB,2,1025060,1001 KB,56cbcf63a922420255bdc416c71ed9237237a5dbcbf4a37ce838f5084767f26d,assets/gemini/studio/maplemoon_powder_roasted_studio_20260305.png | assets/imagery/Gemini/maplemoon_powder_roasted_studio_20260305.png
D0147,1005606,982 KB,2,1005606,982 KB,b6cef90447aec27f54c13105bc84f7b233b8b686033d98ac90631dde1a45814b,assets/gemini/artisan/maplemoon_elixir_spiced_artisan_20260305.png | assets/imagery/Gemini/maplemoon_elixir_spiced_artisan_20260305.png
D0148,1000656,977 KB,2,1000656,977 KB,719919acb574e805298e5c3f5d49b2770ed365c6542b6ea4023e349cea5e5564,assets/hero_videos/gen/finalists/graded_blue/finalist_gentle.mp4 | docs/client-review/2026-07-29-carli-review/staging-v1/assets/hero_videos/gen/finalists/graded_blue/finalist_gentle.mp4
D0149,986461,963 KB,2,986461,963 KB,6cac83ed2488e5cb61afd4ed85b55e18843a5dd752109f8abd6cbb991ffc1c56,assets/product_shots/bath_salts_lavender.png | assets/products_clean/bath_salts_lavender.png
D0150,325136,318 KB,4,975408,953 KB,11e46744169c52ecfc339ef8876e745b1544313fcfd7e00e9ffbfdc03d0679af,_wip/deploy/site-full/assets/photo_finals/maplemoon_heros55_brandmatched.webp | .superpowers/brainstorm/33659-1785136292/content/reference-light.webp | assets/photo_finals/maplemoon_heros55_brandmatched.webp | docs/client-review/2026-07-29-carli-review/staging-v1/assets/photo_finals/maplemoon_heros55_brandmatched.webp
D0151,161818,158 KB,7,970908,948 KB,9d7a93f6240b3ce6a13dfc9a34e8fbc6365727a8327f0695872f3e534e0af034,_wip/checkpoints/SAT-HOME-01R_20260801_020229_AEST/generated/staging-v1/annotated/assets/photo_finals/maplemoon_heros66_brandmatched.webp | _wip/checkpoints/SAT-HOME-01R_20260801_020229_AEST/generated/staging-v1/clean/assets/photo_finals/maplemoon_heros66_brandmatched.webp | _wip/deploy/site/.vercel/output/static/assets/photo_finals/maplemoon_heros66_brandmatched.webp | _wip/deploy/site/assets/photo_finals/maplemoon_heros66_brandmatched.webp | _wip/deploy/site-full/.vercel/output/static/assets/photo_finals/maplemoon_heros66_brandmatched.webp | docs/client-review/2026-08-01-saturday-review/staging-v1/annotated/assets/photo_finals/maplemoon_heros66_brandmatched.webp | docs/client-review/2026-08-01-saturday-review/staging-v1/clean/assets/photo_finals/maplemoon_heros66_brandmatched.webp
D0152,964681,942 KB,2,964681,942 KB,0f956dbdb2d00df0bb0b9c98f74a35c388bcb8e0c1278dac539a06a6906c57ba,assets/product_shots/elixir_spiced.png | assets/products_clean/elixir_spiced.png
D0153,957692,935 KB,2,957692,935 KB,651bb0627ac1739e334e967a69f26037060e1203ccf703c9f63b91bfc6a50c6d,assets/stock/stock_marble_warm.jpg | assets/textures/marble_warm.jpg
D0154,222996,218 KB,5,891984,871 KB,9916815baa52b9d85dab8bbe7dc216282d7f3e012625fe7d03ad8f8cb4a3f511,_wip/deploy/site/.vercel/output/static/assets/licensed/carob_pods_macro.jpg | _wip/deploy/site/assets/licensed/carob_pods_macro.jpg | _wip/deploy/site-full/.vercel/output/static/assets/licensed/carob_pods_macro.jpg | _wip/deploy/site-full/assets/licensed/carob_pods_macro.jpg | assets/licensed/carob_pods_macro.jpg
D0155,856025,836 KB,2,856025,836 KB,b2c5eaece352e0c001dd26d8a4680f84163ca380b6a1e15d682369e6ae504fae,outputs/MAPLEMOON_IMAGE_SELECT_20260813/02_CURRENT_SHORTLIST_COPIES/054__shop_og_safe_v2.png | outputs/MAPLEMOON_IMAGE_SELECT_20260813/03_put_into_demo_labelled/02_hold_for_metadata_review/02_metadata_review_shop_og.png
D0156,842417,823 KB,2,842417,823 KB,a299fddc76e4e6bdc89f2fd70bc4b9894954a59bb6fcffab195788e4d8d759d1,outputs/MAPLEMOON_IMAGE_SELECT_20260813/02_CURRENT_SHORTLIST_COPIES/051__faq_og_safe_v3.png | outputs/MAPLEMOON_IMAGE_SELECT_20260813/03_put_into_demo_labelled/02_hold_for_metadata_review/06_metadata_review_faq_og.png
D0157,830953,811 KB,2,830953,811 KB,24faa07729bd9684cc9b7382ec38e1639d54b7b4036a662d7bc4a20b8f782ee2,outputs/MAPLEMOON_IMAGE_SELECT_20260813/02_CURRENT_SHORTLIST_COPIES/053__our_story_og_safe_v3.png | outputs/MAPLEMOON_IMAGE_SELECT_20260813/03_put_into_demo_labelled/02_hold_for_metadata_review/03_metadata_review_our_story_og.png
D0158,206721,202 KB,5,826884,808 KB,89bbb70a435e0f849aa29793b529ebdfe15cd6af57139fe49593d777fb6deed5,_wip/deploy/site/.vercel/output/static/assets/licensed/scene_after_dinner.jpg | _wip/deploy/site/assets/licensed/scene_after_dinner.jpg | _wip/deploy/site-full/.vercel/output/static/assets/licensed/scene_after_dinner.jpg | _wip/deploy/site-full/assets/licensed/scene_after_dinner.jpg | assets/licensed/scene_after_dinner.jpg
D0159,823355,804 KB,2,823355,804 KB,3427972269978eca4f33bbe2bd9ad85b9454c67837ef9161206f83540825cae0,assets/gemini/studio/maplemoon_eclipse_pecan_studio_20260305.png | assets/imagery/Gemini/maplemoon_eclipse_pecan_studio_20260305.png
D0160,90492,88 KB,10,814428,795 KB,1352e37d8f02d2e0aa299f3ee58d772c5c2bbd5a5297a1c1cef360ea2ec11296,_wip/checkpoints/SAT-HOME-01R_20260801_020229_AEST/generated/staging-v1/annotated/assets/our_story/studio_moons_brick.webp | _wip/checkpoints/SAT-HOME-01R_20260801_020229_AEST/generated/staging-v1/clean/assets/our_story/studio_moons_brick.webp | _wip/deploy/site/.vercel/output/static/assets/our_story/studio_moons_brick.webp | _wip/deploy/site/assets/our_story/studio_moons_brick.webp | _wip/deploy/site-full/.vercel/output/static/assets/our_story/studio_moons_brick.webp | _wip/deploy/site-full/assets/our_story/studio_moons_brick.webp | assets/our_story/studio_moons_brick.webp | docs/client-review/2026-07-29-carli-review/staging-v1/assets/our_story/studio_moons_brick.webp | docs/client-review/2026-08-01-saturday-review/staging-v1/annotated/assets/our_story/studio_moons_brick.webp | docs/client-review/2026-08-01-saturday-review/staging-v1/clean/assets/our_story/studio_moons_brick.webp
D0161,807021,788 KB,2,807021,788 KB,48a4d29dc77b187f93df109309088762153f8255862ebfe8439f37cfedf62233,outputs/MAPLEMOON_IMAGE_SELECT_20260813/02_CURRENT_SHORTLIST_COPIES/050__carob_story_og_safe_v3.png | outputs/MAPLEMOON_IMAGE_SELECT_20260813/03_put_into_demo_labelled/02_hold_for_metadata_review/04_metadata_review_carob_story_og.png
D0162,797264,779 KB,2,797264,779 KB,629a7d0631ae0d25f2cfc185cad6e10bc29c90ee65b5d189c719f57242ded4d5,outputs/MAPLEMOON_IMAGE_SELECT_20260813/02_CURRENT_SHORTLIST_COPIES/055__stockists_og_safe_v3.png | outputs/MAPLEMOON_IMAGE_SELECT_20260813/03_put_into_demo_labelled/02_hold_for_metadata_review/05_metadata_review_stockists_og.png
D0163,87664,86 KB,10,788976,770 KB,2d3a7ce70e331e8806461dcbe169bb0e75a8c7790bbfeec8b40c8a5bf4cec9ed,_wip/checkpoints/SAT-HOME-01R_20260801_020229_AEST/generated/staging-v1/annotated/assets/product_shots/bite_coconut.webp | _wip/checkpoints/SAT-HOME-01R_20260801_020229_AEST/generated/staging-v1/clean/assets/product_shots/bite_coconut.webp | _wip/deploy/site/.vercel/output/static/assets/product_shots/bite_coconut.webp | _wip/deploy/site/assets/product_shots/bite_coconut.webp | _wip/deploy/site-full/.vercel/output/static/assets/product_shots/bite_coconut.webp | _wip/deploy/site-full/assets/product_shots/bite_coconut.webp | assets/product_shots/bite_coconut.webp | docs/client-review/2026-07-29-carli-review/staging-v1/assets/product_shots/bite_coconut.webp | docs/client-review/2026-08-01-saturday-review/staging-v1/annotated/assets/product_shots/bite_coconut.webp | docs/client-review/2026-08-01-saturday-review/staging-v1/clean/assets/product_shots/bite_coconut.webp
D0164,786225,768 KB,2,786225,768 KB,e43cf6f005cd3db1eafb900555f07a3779227ac90c6bc3526083430f15fe864a,outputs/MAPLEMOON_IMAGE_SELECT_20260813/02_CURRENT_SHORTLIST_COPIES/052__homepage_og_safe_v2.png | outputs/MAPLEMOON_IMAGE_SELECT_20260813/03_put_into_demo_labelled/02_hold_for_metadata_review/01_metadata_review_homepage_og.png
D0165,735990,719 KB,2,735990,719 KB,2a0c77fa267d918d2a83a7612877c3f9a159008b3c286b966808e35570cc65cb,outputs/MAPLEMOON_IMAGE_SELECT_20260813/00_START_HERE_CONTACT_SHEETS/14__ritual_contact_sheet.png | outputs/MAPLEMOON_IMAGE_SELECT_20260813/03_put_into_demo_labelled/00_review_boards/ritual_review_board.png
D0166,361084,353 KB,3,722168,705 KB,64fb77d86a2c3180ff49c77cec33277d797ec3b5d22d7ae87744856d2c0ac4f9,_wip/deploy/site-full/assets/photo_finals/mm23_xmp_blue_hero_2400.webp | assets/photo_finals/mm23_xmp_blue_hero_2400.webp | docs/client-review/2026-07-29-carli-review/staging-v1/assets/photo_finals/mm23_xmp_blue_hero_2400.webp
D0167,712923,696 KB,2,712923,696 KB,c1080680d60177900d9b365b5668a927a5c82a301d64d570af05cd22c3c66b98,assets/product_shots/elixir_plain.png | assets/products_clean/elixir_plain.png
D0168,177769,174 KB,5,711076,694 KB,d2c61e7c5fdd0315b82ef9628a24c961d0e5c5c8f62dba16f86b47dd38337f80,_wip/deploy/site/.vercel/output/static/assets/licensed/scene_afternoon.jpg | _wip/deploy/site/assets/licensed/scene_afternoon.jpg | _wip/deploy/site-full/.vercel/output/static/assets/licensed/scene_afternoon.jpg | _wip/deploy/site-full/assets/licensed/scene_afternoon.jpg | assets/licensed/scene_afternoon.jpg
D0169,76970,75 KB,10,692730,676 KB,a01dd3ae5db5c780915ed4bf1da4a814d1988190a1b7cb73e873174da7399dbe,_wip/checkpoints/SAT-HOME-01R_20260801_020229_AEST/generated/staging-v1/annotated/assets/our_story/studio_moon_rock.webp | _wip/checkpoints/SAT-HOME-01R_20260801_020229_AEST/generated/staging-v1/clean/assets/our_story/studio_moon_rock.webp | _wip/deploy/site/.vercel/output/static/assets/our_story/studio_moon_rock.webp | _wip/deploy/site/assets/our_story/studio_moon_rock.webp | _wip/deploy/site-full/.vercel/output/static/assets/our_story/studio_moon_rock.webp | _wip/deploy/site-full/assets/our_story/studio_moon_rock.webp | assets/our_story/studio_moon_rock.webp | docs/client-review/2026-07-29-carli-review/staging-v1/assets/our_story/studio_moon_rock.webp | docs/client-review/2026-08-01-saturday-review/staging-v1/annotated/assets/our_story/studio_moon_rock.webp | docs/client-review/2026-08-01-saturday-review/staging-v1/clean/assets/our_story/studio_moon_rock.webp
D0170,684247,668 KB,2,684247,668 KB,0e34285cd87c5a623b4c448fc131d180d296f7b92f92732f4ab4e620d9a5485a,assets/product_shots/bite_gold.png | assets/products_clean/bite_gold.png
D0171,681042,665 KB,2,681042,665 KB,1b09a6bad57f079ec91d9d502fe2d01d2032ef0d8976b58f68b31cb1dbb67868,assets/photo_finals/maplemoon_heros43_brandmatched.webp | docs/client-review/2026-07-29-carli-review/staging-v1/assets/photo_finals/maplemoon_heros43_brandmatched.webp
D0172,680735,665 KB,2,680735,665 KB,9894992659f261c92356fa553ed9ad577fcdeb3060b9fadd0d93eb0379d4df16,assets/product_shots/cap_cream.png | assets/products_clean/cap_cream.png
D0173,224861,220 KB,4,674583,659 KB,c623bc489111db0f05d7dc307ad7b9617fd314e4fa615289557ad639a79ec48a,_wip/checkpoints/SAT-HOME-01R_20260801_020229_AEST/generated/staging-v1/annotated/assets/licensed/carob_farm/australian-carob-0205-mobile.jpg | _wip/checkpoints/SAT-HOME-01R_20260801_020229_AEST/generated/staging-v1/clean/assets/licensed/carob_farm/australian-carob-0205-mobile.jpg | docs/client-review/2026-08-01-saturday-review/staging-v1/annotated/assets/licensed/carob_farm/australian-carob-0205-mobile.jpg | docs/client-review/2026-08-01-saturday-review/staging-v1/clean/assets/licensed/carob_farm/australian-carob-0205-mobile.jpg
D0174,664112,649 KB,2,664112,649 KB,c973d88f264ac865be2492f33a141a7327c37f6bce5ee8f28ee526a8c09fcfbc,assets/hero_videos/gen/finalists/graded_blue/finalist_wide.mp4 | docs/client-review/2026-07-29-carli-review/staging-v1/assets/hero_videos/gen/finalists/graded_blue/finalist_wide.mp4
D0175,648498,633 KB,2,648498,633 KB,32153f3b14ed57fef4822c080eabc5212b59d149d8ef652f1e05962fe96d0427,assets/hero_videos/gen/finalists/graded_blue/finalist_moody.mp4 | docs/client-review/2026-07-29-carli-review/staging-v1/assets/hero_videos/gen/finalists/graded_blue/finalist_moody.mp4
D0176,640535,626 KB,2,640535,626 KB,2aaeec82e11295a842f26f0cf3d1b0efd265855c1cc71aabcc04c36b7ca0b19c,assets/product_shots/eclipse_hazelnut_a.png | assets/products_clean/eclipse_hazelnut_a.png
D0177,157325,154 KB,5,629300,615 KB,3d74e6cd39711dfe0453d15cc4d12ee7ed4b21f2323a587ee33f27e73b1c910e,_wip/deploy/site/.vercel/output/static/assets/licensed/carob_farm/australian-carob-0205.jpg | _wip/deploy/site/assets/licensed/carob_farm/australian-carob-0205.jpg | _wip/deploy/site-full/.vercel/output/static/assets/licensed/carob_farm/australian-carob-0205.jpg | _wip/deploy/site-full/assets/licensed/carob_farm/australian-carob-0205.jpg | assets/licensed/carob_farm/australian-carob-0205.jpg
D0178,313419,306 KB,3,626838,612 KB,c2b24330e2a9363be5635619bdaa1890096ba749ccfbf271677bdf38e59046a7,_wip/deploy/site-full/assets/hero_shots/carob_pods_cluster.jpg | assets/hero_shots/carob_pods_cluster.jpg | docs/client-review/2026-07-29-carli-review/staging-v1/assets/hero_shots/carob_pods_cluster.jpg
D0179,69336,68 KB,10,624024,609 KB,feea1c5f9be3e86d1bbcaa8660b40b6e1281a86e771109b747af4148d5bec624,_wip/checkpoints/SAT-HOME-01R_20260801_020229_AEST/generated/staging-v1/annotated/assets/product_shots/bite_goji.webp | _wip/checkpoints/SAT-HOME-01R_20260801_020229_AEST/generated/staging-v1/clean/assets/product_shots/bite_goji.webp | _wip/deploy/site/.vercel/output/static/assets/product_shots/bite_goji.webp | _wip/deploy/site/assets/product_shots/bite_goji.webp | _wip/deploy/site-full/.vercel/output/static/assets/product_shots/bite_goji.webp | _wip/deploy/site-full/assets/product_shots/bite_goji.webp | assets/product_shots/bite_goji.webp | docs/client-review/2026-07-29-carli-review/staging-v1/assets/product_shots/bite_goji.webp | docs/client-review/2026-08-01-saturday-review/staging-v1/annotated/assets/product_shots/bite_goji.webp | docs/client-review/2026-08-01-saturday-review/staging-v1/clean/assets/product_shots/bite_goji.webp
D0180,616598,602 KB,2,616598,602 KB,6513d665af4e4127f0f3abb29869aef6bca8cd09c6401758ae528665a70cb0c2,assets/stock/stock_carob_harvest.jpg | assets/stock/stock_hero_lifestyle.jpg
D0181,610231,596 KB,2,610231,596 KB,706a590308dd8100265aa41f73d5ff6a98243cf6e8a6168d51fb2a32d53acb48,assets/hero_videos/gen/finalists/graded_blue/finalist_serene.mp4 | docs/client-review/2026-07-29-carli-review/staging-v1/assets/hero_videos/gen/finalists/graded_blue/finalist_serene.mp4
D0182,66264,65 KB,10,596376,582 KB,edffc47e32ec593282e50731156972de9e10a58e13a47086bfb5a95863940e64,_wip/checkpoints/SAT-HOME-01R_20260801_020229_AEST/generated/staging-v1/annotated/assets/hero_shots/byron_bay_silhouette.webp | _wip/checkpoints/SAT-HOME-01R_20260801_020229_AEST/generated/staging-v1/clean/assets/hero_shots/byron_bay_silhouette.webp | _wip/deploy/site/.vercel/output/static/assets/hero_shots/byron_bay_silhouette.webp | _wip/deploy/site/assets/hero_shots/byron_bay_silhouette.webp | _wip/deploy/site-full/.vercel/output/static/assets/hero_shots/byron_bay_silhouette.webp | _wip/deploy/site-full/assets/hero_shots/byron_bay_silhouette.webp | assets/hero_shots/byron_bay_silhouette.webp | docs/client-review/2026-07-29-carli-review/staging-v1/assets/hero_shots/byron_bay_silhouette.webp | docs/client-review/2026-08-01-saturday-review/staging-v1/annotated/assets/hero_shots/byron_bay_silhouette.webp | docs/client-review/2026-08-01-saturday-review/staging-v1/clean/assets/hero_shots/byron_bay_silhouette.webp
D0183,64218,63 KB,10,577962,564 KB,9b92c0f0a0cc11b11aa9a5fa4cb7683b420db373e556c74adcb1ba576ffe1163,_wip/checkpoints/SAT-HOME-01R_20260801_020229_AEST/generated/staging-v1/annotated/assets/product_shots/elixir_spiced.webp | _wip/checkpoints/SAT-HOME-01R_20260801_020229_AEST/generated/staging-v1/clean/assets/product_shots/elixir_spiced.webp | _wip/deploy/site/.vercel/output/static/assets/product_shots/elixir_spiced.webp | _wip/deploy/site/assets/product_shots/elixir_spiced.webp | _wip/deploy/site-full/.vercel/output/static/assets/product_shots/elixir_spiced.webp | _wip/deploy/site-full/assets/product_shots/elixir_spiced.webp | assets/product_shots/elixir_spiced.webp | docs/client-review/2026-07-29-carli-review/staging-v1/assets/product_shots/elixir_spiced.webp | docs/client-review/2026-08-01-saturday-review/staging-v1/annotated/assets/product_shots/elixir_spiced.webp | docs/client-review/2026-08-01-saturday-review/staging-v1/clean/assets/product_shots/elixir_spiced.webp
D0184,139958,137 KB,5,559832,547 KB,7298b7c387549b64660a1d82d3e78196a62b2bfbc950392aabd68ed92305108f,_wip/deploy/site/.vercel/output/static/assets/licensed/carob_farm/australian-carob-0205-16x9.jpg | _wip/deploy/site/assets/licensed/carob_farm/australian-carob-0205-16x9.jpg | _wip/deploy/site-full/.vercel/output/static/assets/licensed/carob_farm/australian-carob-0205-16x9.jpg | _wip/deploy/site-full/assets/licensed/carob_farm/australian-carob-0205-16x9.jpg | assets/licensed/carob_farm/australian-carob-0205-16x9.jpg
D0185,85766,84 KB,7,514596,503 KB,1b11e4f9025e8e6a6f50be89bfd28adc8086c427e2a2c2904acaf956c279b433,_wip/checkpoints/SAT-HOME-01R_20260801_020229_AEST/generated/staging-v1/annotated/assets/photo_finals/maplemoon_heros1_brandmatched.webp | _wip/checkpoints/SAT-HOME-01R_20260801_020229_AEST/generated/staging-v1/clean/assets/photo_finals/maplemoon_heros1_brandmatched.webp | _wip/deploy/site/.vercel/output/static/assets/photo_finals/maplemoon_heros1_brandmatched.webp | _wip/deploy/site/assets/photo_finals/maplemoon_heros1_brandmatched.webp | _wip/deploy/site-full/.vercel/output/static/assets/photo_finals/maplemoon_heros1_brandmatched.webp | docs/client-review/2026-08-01-saturday-review/staging-v1/annotated/assets/photo_finals/maplemoon_heros1_brandmatched.webp | docs/client-review/2026-08-01-saturday-review/staging-v1/clean/assets/photo_finals/maplemoon_heros1_brandmatched.webp
D0186,510772,499 KB,2,510772,499 KB,24ea5d3c959bdb2961a69f030042ef2bc8d21da122e1715ef9e36da6d678d0d7,assets/photo_finals/maplemoon_heros43_brandmatched_light.webp | docs/client-review/2026-07-29-carli-review/staging-v1/assets/photo_finals/maplemoon_heros43_brandmatched_light.webp
D0187,505258,493 KB,2,505258,493 KB,755ebe61e51758150e040ed16485733a360b211a57b7dc650b7145decf0bb2e8,assets/product_shots/eclipse_hazelnut_b.png | assets/products_clean/eclipse_hazelnut_b.png
D0188,248162,242 KB,3,496324,485 KB,4f4d74f47385396bbbf79aba559d9dc8718c7c04ed957c737a0c7b3a8e65fb75,_wip/deploy/site-full/assets/photo_finals/maplemoon_heros41_brandmatched.webp | assets/photo_finals/maplemoon_heros41_brandmatched.webp | docs/client-review/2026-07-29-carli-review/staging-v1/assets/photo_finals/maplemoon_heros41_brandmatched.webp
D0189,50158,49 KB,10,451422,441 KB,3b92a69d56dcc9c3bc9e57bbb6be76ae7e300aef2f62e44ea3ce673fdaa02180,_wip/checkpoints/SAT-HOME-01R_20260801_020229_AEST/generated/staging-v1/annotated/assets/our_story/studio_bar_almond.webp | _wip/checkpoints/SAT-HOME-01R_20260801_020229_AEST/generated/staging-v1/clean/assets/our_story/studio_bar_almond.webp | _wip/deploy/site/.vercel/output/static/assets/our_story/studio_bar_almond.webp | _wip/deploy/site/assets/our_story/studio_bar_almond.webp | _wip/deploy/site-full/.vercel/output/static/assets/our_story/studio_bar_almond.webp | _wip/deploy/site-full/assets/our_story/studio_bar_almond.webp | assets/our_story/studio_bar_almond.webp | docs/client-review/2026-07-29-carli-review/staging-v1/assets/our_story/studio_bar_almond.webp | docs/client-review/2026-08-01-saturday-review/staging-v1/annotated/assets/our_story/studio_bar_almond.webp | docs/client-review/2026-08-01-saturday-review/staging-v1/clean/assets/our_story/studio_bar_almond.webp
D0190,224840,220 KB,3,449680,439 KB,f9f80ce6f9ec6627d58aa93c53f6b5cd9f4cdaf250800858e1414bb9803f5ef0,_wip/deploy/site-full/assets/photo_finals/maplemoon_heros55_brandmatched_atmospheric.webp | assets/photo_finals/maplemoon_heros55_brandmatched_atmospheric.webp | docs/client-review/2026-07-29-carli-review/staging-v1/assets/photo_finals/maplemoon_heros55_brandmatched_atmospheric.webp
D0191,403340,394 KB,2,403340,394 KB,154ce00a85c56e78e818b1f8448554013d3ec0729f7fc6f974d715bd6fd5ba4d,checkpoints/2026-07-13_demo_06_mobile_390_hero.png | checkpoints/2026-07-13_demo_07_mobile_390_range.png
D0192,43944,43 KB,10,395496,386 KB,3a8d246f7ca990b53c66120d9458ca53487b00e3a93fe5e48c917d34bc4add68,_wip/checkpoints/SAT-HOME-01R_20260801_020229_AEST/generated/staging-v1/annotated/assets/our_story/founders_hands.webp | _wip/checkpoints/SAT-HOME-01R_20260801_020229_AEST/generated/staging-v1/clean/assets/our_story/founders_hands.webp | _wip/deploy/site/.vercel/output/static/assets/our_story/founders_hands.webp | _wip/deploy/site/assets/our_story/founders_hands.webp | _wip/deploy/site-full/.vercel/output/static/assets/our_story/founders_hands.webp | _wip/deploy/site-full/assets/our_story/founders_hands.webp | assets/our_story/founders_hands.webp | docs/client-review/2026-07-29-carli-review/staging-v1/assets/our_story/founders_hands.webp | docs/client-review/2026-08-01-saturday-review/staging-v1/annotated/assets/our_story/founders_hands.webp | docs/client-review/2026-08-01-saturday-review/staging-v1/clean/assets/our_story/founders_hands.webp
D0193,375452,367 KB,2,375452,367 KB,7e667c5dfec25ade9db7cb4713b6007d1c995bc7082f81cdec5195644167f1fa,assets/photo_finals/maplemoon_heros26_brandmatched.webp | docs/client-review/2026-07-29-carli-review/staging-v1/assets/photo_finals/maplemoon_heros26_brandmatched.webp
D0194,92595,90 KB,5,370380,362 KB,e6d4383f24c674ade53af773e38539527796dbc9d872fe78e9e13a1e9afab984,_wip/deploy/site/.vercel/output/static/assets/licensed/scene_tea_night.jpg | _wip/deploy/site/assets/licensed/scene_tea_night.jpg | _wip/deploy/site-full/.vercel/output/static/assets/licensed/scene_tea_night.jpg | _wip/deploy/site-full/assets/licensed/scene_tea_night.jpg | assets/licensed/scene_tea_night.jpg
D0195,365190,357 KB,2,365190,357 KB,ce7febb48f3e9695160de0f93f96160822a43035d6b813afc2a1535f186841a1,assets/stock/bak/stock_hero_lifestyle_mug.jpg | assets/stock/stock_kitchen_morning.jpg
D0196,37840,37 KB,10,340560,333 KB,7136565d7a868c275ffe49e8042ad394c31921c7a98cded478fdee78ebea1121,_wip/checkpoints/SAT-HOME-01R_20260801_020229_AEST/generated/staging-v1/annotated/assets/our_story/studio_moons_trail.webp | _wip/checkpoints/SAT-HOME-01R_20260801_020229_AEST/generated/staging-v1/clean/assets/our_story/studio_moons_trail.webp | _wip/deploy/site/.vercel/output/static/assets/our_story/studio_moons_trail.webp | _wip/deploy/site/assets/our_story/studio_moons_trail.webp | _wip/deploy/site-full/.vercel/output/static/assets/our_story/studio_moons_trail.webp | _wip/deploy/site-full/assets/our_story/studio_moons_trail.webp | assets/our_story/studio_moons_trail.webp | docs/client-review/2026-07-29-carli-review/staging-v1/assets/our_story/studio_moons_trail.webp | docs/client-review/2026-08-01-saturday-review/staging-v1/annotated/assets/our_story/studio_moons_trail.webp | docs/client-review/2026-08-01-saturday-review/staging-v1/clean/assets/our_story/studio_moons_trail.webp
D0197,35552,35 KB,10,319968,312 KB,4398f43fcc7ff571f4eea4643e078f8416e6921f4e979f5bf31e53338e04916a,_wip/checkpoints/SAT-HOME-01R_20260801_020229_AEST/generated/staging-v1/annotated/assets/product_shots/elixir_plain.webp | _wip/checkpoints/SAT-HOME-01R_20260801_020229_AEST/generated/staging-v1/clean/assets/product_shots/elixir_plain.webp | _wip/deploy/site/.vercel/output/static/assets/product_shots/elixir_plain.webp | _wip/deploy/site/assets/product_shots/elixir_plain.webp | _wip/deploy/site-full/.vercel/output/static/assets/product_shots/elixir_plain.webp | _wip/deploy/site-full/assets/product_shots/elixir_plain.webp | assets/product_shots/elixir_plain.webp | docs/client-review/2026-07-29-carli-review/staging-v1/assets/product_shots/elixir_plain.webp | docs/client-review/2026-08-01-saturday-review/staging-v1/annotated/assets/product_shots/elixir_plain.webp | docs/client-review/2026-08-01-saturday-review/staging-v1/clean/assets/product_shots/elixir_plain.webp
D0198,63326,62 KB,6,316630,309 KB,5fb97ffcf7715e4c9b218e42a1c7ecaba08a1ac1998f98104ad29a8bfed6aae4,_wip/checkpoints/SAT-HOME-01R_20260801_020229_AEST/generated/staging-v1/annotated/assets/product_shots/eclipse_pecan.webp | _wip/checkpoints/SAT-HOME-01R_20260801_020229_AEST/generated/staging-v1/clean/assets/product_shots/eclipse_pecan.webp | _wip/deploy/site-full/.vercel/output/static/assets/product_shots/eclipse_pecan.webp | docs/client-review/2026-07-29-carli-review/staging-v1/assets/product_shots/eclipse_pecan.webp | docs/client-review/2026-08-01-saturday-review/staging-v1/annotated/assets/product_shots/eclipse_pecan.webp | docs/client-review/2026-08-01-saturday-review/staging-v1/clean/assets/product_shots/eclipse_pecan.webp
D0199,62274,61 KB,6,311370,304 KB,95576337548c23b93ffe8a33fa45478503cf20fb727aaab039a40e42e7923c0c,_wip/checkpoints/SAT-HOME-01R_20260801_020229_AEST/generated/staging-v1/annotated/assets/product_shots/eclipse_almond.webp | _wip/checkpoints/SAT-HOME-01R_20260801_020229_AEST/generated/staging-v1/clean/assets/product_shots/eclipse_almond.webp | _wip/deploy/site-full/.vercel/output/static/assets/product_shots/eclipse_almond.webp | docs/client-review/2026-07-29-carli-review/staging-v1/assets/product_shots/eclipse_almond.webp | docs/client-review/2026-08-01-saturday-review/staging-v1/annotated/assets/product_shots/eclipse_almond.webp | docs/client-review/2026-08-01-saturday-review/staging-v1/clean/assets/product_shots/eclipse_almond.webp
D0200,296574,290 KB,2,296574,290 KB,d48efbdfe8ade69e6a35cad9ff4a3ba31fde30bad039caa7cfbebdd9cfdc1112,assets/stock/stock_editorial_wide.jpg | assets/stock/stock_flatlay_dark.jpg
D0201,59052,58 KB,6,295260,288 KB,87d0f5ae6040adf34832f73c7afacbba73ae4ad4485a950981fe68e4d01e9e7b,_wip/checkpoints/SAT-HOME-01R_20260801_020229_AEST/generated/staging-v1/annotated/assets/product_shots/eclipse_hazelnut.webp | _wip/checkpoints/SAT-HOME-01R_20260801_020229_AEST/generated/staging-v1/clean/assets/product_shots/eclipse_hazelnut.webp | _wip/deploy/site-full/.vercel/output/static/assets/product_shots/eclipse_hazelnut.webp | docs/client-review/2026-07-29-carli-review/staging-v1/assets/product_shots/eclipse_hazelnut.webp | docs/client-review/2026-08-01-saturday-review/staging-v1/annotated/assets/product_shots/eclipse_hazelnut.webp | docs/client-review/2026-08-01-saturday-review/staging-v1/clean/assets/product_shots/eclipse_hazelnut.webp
D0202,51160,50 KB,6,255800,250 KB,ab133eab0e7c67f3403d7dfbe36e23a318ca0505903eb76c1561fdde4eaeb7e3,_wip/checkpoints/SAT-HOME-01R_20260801_020229_AEST/generated/staging-v1/annotated/assets/product_shots/moon_cayenne.webp | _wip/checkpoints/SAT-HOME-01R_20260801_020229_AEST/generated/staging-v1/clean/assets/product_shots/moon_cayenne.webp | _wip/deploy/site-full/.vercel/output/static/assets/product_shots/moon_cayenne.webp | docs/client-review/2026-07-29-carli-review/staging-v1/assets/product_shots/moon_cayenne.webp | docs/client-review/2026-08-01-saturday-review/staging-v1/annotated/assets/product_shots/moon_cayenne.webp | docs/client-review/2026-08-01-saturday-review/staging-v1/clean/assets/product_shots/moon_cayenne.webp
D0203,239738,234 KB,2,239738,234 KB,7c1dc26441f83ee8dbc46f74e10e6af1b93199fb58ddf359282a28bd9cdc3491,assets/stock/stock_wood_texture.jpg | assets/textures/wood_texture.jpg
D0204,25888,25 KB,10,232992,228 KB,154ea193740c52ce181efc4e4c1a9f9aab241bd8f369f77b903437ac1253146b,_wip/checkpoints/SAT-HOME-01R_20260801_020229_AEST/generated/staging-v1/annotated/assets/product_shots/bite_gold.webp | _wip/checkpoints/SAT-HOME-01R_20260801_020229_AEST/generated/staging-v1/clean/assets/product_shots/bite_gold.webp | _wip/deploy/site/.vercel/output/static/assets/product_shots/bite_gold.webp | _wip/deploy/site/assets/product_shots/bite_gold.webp | _wip/deploy/site-full/.vercel/output/static/assets/product_shots/bite_gold.webp | _wip/deploy/site-full/assets/product_shots/bite_gold.webp | assets/product_shots/bite_gold.webp | docs/client-review/2026-07-29-carli-review/staging-v1/assets/product_shots/bite_gold.webp | docs/client-review/2026-08-01-saturday-review/staging-v1/annotated/assets/product_shots/bite_gold.webp | docs/client-review/2026-08-01-saturday-review/staging-v1/clean/assets/product_shots/bite_gold.webp
D0205,41340,40 KB,6,206700,202 KB,16a62b637207cefc284a9829831ff1d0f29f433fb163b54759f649d4de5065f5,_wip/checkpoints/SAT-HOME-01R_20260801_020229_AEST/generated/staging-v1/annotated/assets/product_shots/bananas.webp | _wip/checkpoints/SAT-HOME-01R_20260801_020229_AEST/generated/staging-v1/clean/assets/product_shots/bananas.webp | _wip/deploy/site-full/.vercel/output/static/assets/product_shots/bananas.webp | docs/client-review/2026-07-29-carli-review/staging-v1/assets/product_shots/bananas.webp | docs/client-review/2026-08-01-saturday-review/staging-v1/annotated/assets/product_shots/bananas.webp | docs/client-review/2026-08-01-saturday-review/staging-v1/clean/assets/product_shots/bananas.webp
D0206,40586,40 KB,6,202930,198 KB,457e42a2d92cf30b163541fad60ec50b8bc66e720b275fb0b90da791ae6cc48a,_wip/checkpoints/SAT-HOME-01R_20260801_020229_AEST/generated/staging-v1/annotated/assets/product_shots/moon_peppermint.webp | _wip/checkpoints/SAT-HOME-01R_20260801_020229_AEST/generated/staging-v1/clean/assets/product_shots/moon_peppermint.webp | _wip/deploy/site-full/.vercel/output/static/assets/product_shots/moon_peppermint.webp | docs/client-review/2026-07-29-carli-review/staging-v1/assets/product_shots/moon_peppermint.webp | docs/client-review/2026-08-01-saturday-review/staging-v1/annotated/assets/product_shots/moon_peppermint.webp | docs/client-review/2026-08-01-saturday-review/staging-v1/clean/assets/product_shots/moon_peppermint.webp
D0207,47794,47 KB,5,191176,187 KB,61b38e828f35e87d1c142835a03e73fcb599a09c9388cc709345ee6ff44a3e9a,_wip/deploy/site/.vercel/output/static/assets/product_shots/eclipse_fudge.webp | _wip/deploy/site/assets/product_shots/eclipse_fudge.webp | _wip/deploy/site-full/assets/product_shots/eclipse_fudge.webp | assets/product_shots/eclipse_fudge.webp | assets/product_shots/w1-e-prepared-20260803/eclipse_fudge.webp
D0208,37910,37 KB,6,189550,185 KB,2c1b72ba8667b2dc031ed2157b3d58e032b037eeba85b882f3613751ba2ceff9,_wip/checkpoints/SAT-HOME-01R_20260801_020229_AEST/generated/staging-v1/annotated/assets/product_shots/moon_hazelnut.webp | _wip/checkpoints/SAT-HOME-01R_20260801_020229_AEST/generated/staging-v1/clean/assets/product_shots/moon_hazelnut.webp | _wip/deploy/site-full/.vercel/output/static/assets/product_shots/moon_hazelnut.webp | docs/client-review/2026-07-29-carli-review/staging-v1/assets/product_shots/moon_hazelnut.webp | docs/client-review/2026-08-01-saturday-review/staging-v1/annotated/assets/product_shots/moon_hazelnut.webp | docs/client-review/2026-08-01-saturday-review/staging-v1/clean/assets/product_shots/moon_hazelnut.webp
D0209,35882,35 KB,6,179410,175 KB,cd46826a772aac33608189ebef7660ca1e6c9a89051fe76b3978a04c6af5ae32,_wip/checkpoints/SAT-HOME-01R_20260801_020229_AEST/generated/staging-v1/annotated/assets/product_shots/moon_goji_coconut.webp | _wip/checkpoints/SAT-HOME-01R_20260801_020229_AEST/generated/staging-v1/clean/assets/product_shots/moon_goji_coconut.webp | _wip/deploy/site-full/.vercel/output/static/assets/product_shots/moon_goji_coconut.webp | docs/client-review/2026-07-29-carli-review/staging-v1/assets/product_shots/moon_goji_coconut.webp | docs/client-review/2026-08-01-saturday-review/staging-v1/annotated/assets/product_shots/moon_goji_coconut.webp | docs/client-review/2026-08-01-saturday-review/staging-v1/clean/assets/product_shots/moon_goji_coconut.webp
D0210,166130,162 KB,2,166130,162 KB,83c47a329de7c985804ee576be85e564e5766fa37dbb702eee96e7f4ce68ffda,assets/photo_finals/maplemoon_heros66_brandmatched.webp | docs/client-review/2026-07-29-carli-review/staging-v1/assets/photo_finals/maplemoon_heros66_brandmatched.webp
D0211,33098,32 KB,6,165490,162 KB,4fb0a7e9c27154cbcec1ad7ddf74b114d3b91eb454f46fdfbfcac25c709c024d,_wip/checkpoints/SAT-HOME-01R_20260801_020229_AEST/generated/staging-v1/annotated/assets/product_shots/moon_almond.webp | _wip/checkpoints/SAT-HOME-01R_20260801_020229_AEST/generated/staging-v1/clean/assets/product_shots/moon_almond.webp | _wip/deploy/site-full/.vercel/output/static/assets/product_shots/moon_almond.webp | docs/client-review/2026-07-29-carli-review/staging-v1/assets/product_shots/moon_almond.webp | docs/client-review/2026-08-01-saturday-review/staging-v1/annotated/assets/product_shots/moon_almond.webp | docs/client-review/2026-08-01-saturday-review/staging-v1/clean/assets/product_shots/moon_almond.webp
D0212,157286,154 KB,2,157286,154 KB,00e9b606f01c30a9917a3d61384edd307f1cb80c7e8805a38a4598dc892b18e0,_wip/deploy/site-full/assets/our_story/founder_carli.webp | assets/our_story/founder_carli.webp
D0213,31236,31 KB,6,156180,153 KB,f7c6d0e2369a1b50b5001d90f698ec6fb4a124ed2a0a571191de2414b78f7179,_wip/checkpoints/SAT-HOME-01R_20260801_020229_AEST/generated/staging-v1/annotated/assets/product_shots/moon_pure_carob.webp | _wip/checkpoints/SAT-HOME-01R_20260801_020229_AEST/generated/staging-v1/clean/assets/product_shots/moon_pure_carob.webp | _wip/deploy/site-full/.vercel/output/static/assets/product_shots/moon_pure_carob.webp | docs/client-review/2026-07-29-carli-review/staging-v1/assets/product_shots/moon_pure_carob.webp | docs/client-review/2026-08-01-saturday-review/staging-v1/annotated/assets/product_shots/moon_pure_carob.webp | docs/client-review/2026-08-01-saturday-review/staging-v1/clean/assets/product_shots/moon_pure_carob.webp
D0214,51469,50 KB,4,154407,151 KB,98924ee96ea52bdd1c28f1a380743673251a91d2246cccb7aa7ea00747de2cde,_wip/reviews/founders_portrait_h073_grainblend_v8_qa/founders_portrait_h073_grainblend_v8_subject_mask.png | _wip/reviews/founders_portrait_h073_iterations_qa/founders_subject_mask.png | _wip/reviews/founders_portrait_h073_light_v6_qa/founders_portrait_h073_light_v6_subject_mask.png | _wip/reviews/founders_portrait_h073_v2_qa/founders_portrait_h073_v2_founders_mask.png
D0215,142384,139 KB,2,142384,139 KB,2066281fbe37ab26e1b6ef2d223f57206564e0f62eff9c2cd638a3d6585a1314,_wip/deploy/site-full/assets/our_story/founder_dylan.webp | assets/our_story/founder_dylan.webp
D0216,135698,133 KB,2,135698,133 KB,b66a46597d06931627dd08dca2a9502f1348a080750958242c33a20eccb1e852,assets/hero_shots/moodboard/maplemoon_imagetoimage_mmmoonswebmockupspcar35g02feb20262xpng_gen_20260331_162331.webp | assets/hero_shots/moodboard/reuse_moons_162331.webp
D0217,27174,27 KB,5,108696,106 KB,83413a35ce8d53a808ed6f40079e6b272b39f287d93788bdca23435c2fe16df4,_wip/deploy/site/.vercel/output/static/assets/product_shots/eclipse_hazelnut.webp | _wip/deploy/site/assets/product_shots/eclipse_hazelnut.webp | _wip/deploy/site-full/assets/product_shots/eclipse_hazelnut.webp | assets/product_shots/eclipse_hazelnut.webp | assets/product_shots/w1-e-prepared-20260803/eclipse_hazelnut.webp
D0218,92688,91 KB,2,92688,91 KB,5a0f1480ff57abf290636f9140e8e4905e1f271f84df72e9e5c645fd4fc78a63,assets/photo_finals/maplemoon_heros1_brandmatched.webp | docs/client-review/2026-07-29-carli-review/staging-v1/assets/photo_finals/maplemoon_heros1_brandmatched.webp
D0219,22676,22 KB,5,90704,89 KB,ed43b412568a4d3ac2beeee08927f9f18453838a4a3fdecd63ba98b37b8ed703,_wip/deploy/site/.vercel/output/static/assets/product_shots/eclipse_almond.webp | _wip/deploy/site/assets/product_shots/eclipse_almond.webp | _wip/deploy/site-full/assets/product_shots/eclipse_almond.webp | assets/product_shots/eclipse_almond.webp | assets/product_shots/w1-e-prepared-20260803/eclipse_almond.webp
D0220,78796,77 KB,2,78796,77 KB,979e5b386a9c29bcac4692c0be867b17b46b181472147810ce7a4b4ce5043702,.superpowers/brainstorm/33659-1785136292/content/original.webp | assets/our_story/founders_portrait.webp
D0221,17374,17 KB,5,69496,68 KB,f6f2e71b5c59abe56a79bb04afcc6c15a1597644628eda5a3c8e90d204297cc0,_wip/deploy/site/.vercel/output/static/assets/product_shots/moon_cayenne.webp | _wip/deploy/site/assets/product_shots/moon_cayenne.webp | _wip/deploy/site-full/assets/product_shots/moon_cayenne.webp | assets/product_shots/moon_cayenne.webp | assets/product_shots/w1-e-prepared-20260803/moon_cayenne.webp
D0222,17290,17 KB,5,69160,68 KB,e3f1216e701eb5b8b194eb4f5259bee43a4bc8c854ff830c3cd4a3909cb5943b,_wip/deploy/site/.vercel/output/static/assets/product_shots/eclipse_pecan.webp | _wip/deploy/site/assets/product_shots/eclipse_pecan.webp | _wip/deploy/site-full/assets/product_shots/eclipse_pecan.webp | assets/product_shots/eclipse_pecan.webp | assets/product_shots/w1-e-prepared-20260803/eclipse_pecan.webp
D0223,53073,52 KB,2,53073,52 KB,9648ec6d9dcf3360fbe753844628a7693b28d331dbe59f5080605e9bcc25b565,_wip/_hero_video_review_thumbs/wetsand2.jpg | docs/client-review/2026-07-29-carli-review/staging-v1/_hero_video_review_thumbs/wetsand2.jpg
D0224,12990,13 KB,5,51960,51 KB,fdd5be44f37e9766c966541ceaf68a044279409a2cc87f7d056c244226ac5b32,_wip/deploy/site/.vercel/output/static/assets/product_shots/moon_goji_coconut.webp | _wip/deploy/site/assets/product_shots/moon_goji_coconut.webp | _wip/deploy/site-full/assets/product_shots/moon_goji_coconut.webp | assets/product_shots/moon_goji_coconut.webp | assets/product_shots/w1-e-prepared-20260803/moon_goji_coconut.webp
D0225,11782,12 KB,5,47128,46 KB,09626c817446a751d229f48038ddf2b07bc032ffb951899a8cab486004de36ff,_wip/deploy/site/.vercel/output/static/assets/product_shots/bananas.webp | _wip/deploy/site/assets/product_shots/bananas.webp | _wip/deploy/site-full/assets/product_shots/bananas.webp | assets/product_shots/bananas.webp | assets/product_shots/w1-e-prepared-20260803/bananas.webp
D0226,45846,45 KB,2,45846,45 KB,ad6b289e632600bf371b9dcb8dde83e04277985019df7c41fa9151ac4be7d620,_wip/_hero_video_review_thumbs/gentle.jpg | docs/client-review/2026-07-29-carli-review/staging-v1/_hero_video_review_thumbs/gentle.jpg
D0227,9492,9.3 KB,5,37968,37 KB,463a192590e7762ed928609b01d67555ef4869c1c13c7de43d47a757bad51b45,_wip/deploy/site/.vercel/output/static/assets/product_shots/moon_peppermint.webp | _wip/deploy/site/assets/product_shots/moon_peppermint.webp | _wip/deploy/site-full/assets/product_shots/moon_peppermint.webp | assets/product_shots/moon_peppermint.webp | assets/product_shots/w1-e-prepared-20260803/moon_peppermint.webp
D0228,3766,3.7 KB,11,37660,37 KB,2a16b6671c795ea5126d0f9de5db1238d85c574c13c64e0a32718c154da69560,_wip/checkpoints/SAT-HOME-01R_20260801_020229_AEST/generated/staging-v1/annotated/assets/carob_wordmark.svg | _wip/checkpoints/SAT-HOME-01R_20260801_020229_AEST/generated/staging-v1/clean/assets/carob_wordmark.svg | _wip/deploy/site/.vercel/output/static/assets/carob_wordmark.svg | _wip/deploy/site/assets/carob_wordmark.svg | _wip/deploy/site-full/.vercel/output/static/assets/carob_wordmark.svg | _wip/deploy/site-full/assets/carob_wordmark.svg | assets/brand/carob_wordmark.svg | assets/carob_wordmark.svg | docs/client-review/2026-07-29-carli-review/staging-v1/assets/carob_wordmark.svg | docs/client-review/2026-08-01-saturday-review/staging-v1/annotated/assets/carob_wordmark.svg | docs/client-review/2026-08-01-saturday-review/staging-v1/clean/assets/carob_wordmark.svg
D0229,9246,9.0 KB,5,36984,36 KB,de8f28186c50d7a407f2070293b418b872b4187d985b62c96f328844ba7c42f1,_wip/deploy/site/.vercel/output/static/assets/product_shots/moon_almond.webp | _wip/deploy/site/assets/product_shots/moon_almond.webp | _wip/deploy/site-full/assets/product_shots/moon_almond.webp | assets/product_shots/moon_almond.webp | assets/product_shots/w1-e-prepared-20260803/moon_almond.webp
D0230,9198,9.0 KB,5,36792,36 KB,bb73f940642a56bf4a593cef58b1ba593b8664517126722690dad08453b583cc,_wip/deploy/site/.vercel/output/static/assets/product_shots/moon_hazelnut.webp | _wip/deploy/site/assets/product_shots/moon_hazelnut.webp | _wip/deploy/site-full/assets/product_shots/moon_hazelnut.webp | assets/product_shots/moon_hazelnut.webp | assets/product_shots/w1-e-prepared-20260803/moon_hazelnut.webp
D0231,9134,8.9 KB,5,36536,36 KB,8e8a41d0442d76eea707a26c5d1da604d8ef95384551389547caa7fd21865295,_wip/deploy/site/.vercel/output/static/assets/product_shots/moon_pure_carob.webp | _wip/deploy/site/assets/product_shots/moon_pure_carob.webp | _wip/deploy/site-full/assets/product_shots/moon_pure_carob.webp | assets/product_shots/moon_pure_carob.webp | assets/product_shots/w1-e-prepared-20260803/moon_pure_carob.webp
D0232,3988,3.9 KB,10,35892,35 KB,aaffe3fbc7f38fb73f04e09d8b248e9c12184f79308dd17139ede6f26540a988,_wip/checkpoints/SAT-HOME-01R_20260801_020229_AEST/generated/staging-v1/annotated/assets/mm_logo_icon_blk.svg | _wip/checkpoints/SAT-HOME-01R_20260801_020229_AEST/generated/staging-v1/clean/assets/mm_logo_icon_blk.svg | _wip/deploy/site/.vercel/output/static/assets/mm_logo_icon_blk.svg | _wip/deploy/site/assets/mm_logo_icon_blk.svg | _wip/deploy/site-full/.vercel/output/static/assets/mm_logo_icon_blk.svg | _wip/deploy/site-full/assets/mm_logo_icon_blk.svg | assets/mm_logo_icon_blk.svg | docs/client-review/2026-07-29-carli-review/staging-v1/assets/mm_logo_icon_blk.svg | docs/client-review/2026-08-01-saturday-review/staging-v1/annotated/assets/mm_logo_icon_blk.svg | docs/client-review/2026-08-01-saturday-review/staging-v1/clean/assets/mm_logo_icon_blk.svg
D0233,30597,30 KB,2,30597,30 KB,c6ebc79dac3b530107f2ca0d2fda6710d127605f05acc14b38a74e6061648783,_wip/_hero_video_review_thumbs/moody.jpg | docs/client-review/2026-07-29-carli-review/staging-v1/_hero_video_review_thumbs/moody.jpg
D0234,28304,28 KB,2,28304,28 KB,852b391ce23e69c14ad07b2d9df04151a55ab9db828a42a8d90adba7bbac34d6,_wip/_hero_video_review_thumbs/serene.jpg | docs/client-review/2026-07-29-carli-review/staging-v1/_hero_video_review_thumbs/serene.jpg
D0235,24396,24 KB,2,24396,24 KB,e562ffe3418f84fc13e216a6ae9e8d9c3044b4ef1ca7e0684b6d671eabd0b0eb,_wip/_hero_video_review_thumbs/wide.jpg | docs/client-review/2026-07-29-carli-review/staging-v1/_hero_video_review_thumbs/wide.jpg
D0236,17697,17 KB,2,17697,17 KB,3aa7097aef1c6db6a840fd1c24860a6c2c04753a5fb6be5c82ed8c327f121a6c,assets/brand/icon_no_artificial.svg | assets/icon_no_artificial.svg
D0237,14623,14 KB,2,14623,14 KB,22495b34d1e148e1c65c590277763192d4345ee3d8484c268fff68b0224fec61,assets/brand/maplemoon_logo.svg | assets/maplemoon_logo.svg
D0238,14113,14 KB,2,14113,14 KB,56a41795d96d6875540f1d3fe1d07caa4834f512905b84e4197279b6195cec85,assets/brand/icon_made_in_aus.svg | assets/icon_made_in_aus.svg
D0239,14014,14 KB,2,14014,14 KB,baabf6f0f7603e14a318ec28c83813fe036e1577c5e4d469bc39c0559cce9065,assets/brand/icon_organic.svg | assets/icon_organic.svg
D0240,10878,11 KB,2,10878,11 KB,913c8281e0424da1ed46b41bd80bb35a7be8e6055883aea374b48a84d3880d4c,assets/brand/icon_vegan.svg | assets/icon_vegan.svg
D0241,10087,9.9 KB,2,10087,9.9 KB,520f6e6baadd2d55e259e9a7031fc86e255bcea103946475b0af3fd53822118a,assets/brand/icon_gluten_free.svg | assets/icon_gluten_free.svg
D0242,9892,9.7 KB,2,9892,9.7 KB,eb2e7c6abf6cc2235eaae25e035906b7c1a3d73010c0ee59f1cd5574cdd6ca05,assets/brand/icon_additive_free.svg | assets/icon_additive_free.svg
D0243,9782,9.6 KB,2,9782,9.6 KB,60af82cca84d58dbf3c0810348232b2e4c7055fa4b394b8315ba6991775698fe,assets/brand/icon_caffeine_free.svg | assets/icon_caffeine_free.svg
D0244,4054,4.0 KB,2,4054,4.0 KB,187d8f62deb881c67c2a4b4f00af5f9ebdf0d2fea8fa3ac4a1f6899da795888c,assets/brand/icon_made_in_aus_full.svg | assets/icon_made_in_aus_full.svg
D0245,3684,3.6 KB,2,3684,3.6 KB,e76e7c39a7e87621268db5cae0694465e6cdf59047bb5431cc0a514a23d4bbe9,assets/brand/icon_gluten_free_full.svg | assets/icon_gluten_free_full.svg
D0246,2745,2.7 KB,2,2745,2.7 KB,03cd262cf97e29e1e7e13c19f9963e06b884e10e19465a0dc95092d0f2aca2f1,assets/brand/icon_organic_full.svg | assets/icon_organic_full.svg
D0247,2486,2.4 KB,2,2486,2.4 KB,55b075fe08815f8804bfb6a27944351c6e7f956a7dddc9c8ddd82b2d57ed6304,assets/brand/icon_caffeine_free_full.svg | assets/icon_caffeine_free_full.svg
D0248,2205,2.2 KB,2,2205,2.2 KB,12b44abc9d97172ecc04a9cf365df37d43d33264b1f2509c05c9aa9520214ef7,assets/brand/icon_vegan_full.svg | assets/icon_vegan_full.svg
